Column1;Column2;Column3;Column4;Column5;Column6;Column7;Column8;Column9;Column10;Column11;Column12;Column13;Column14;Column15;Column16;Column17;Column18;Column19;Column20;Column21;Column22;Column23;Column24;Column25;Column26;Column27;Column28;Column29;Column30;Column31;Column32;Column33;Column34;Column35;Column36;Column37;Column38;Column39;Column40;Column41;Column42;Column43;Column44;Column45;Column46;Column47;Column48;Column49;Column50;Column51;Column52;Column53;Column54;Column55;Column56;Column57;Column58;Column59;Column60;Column61;Column62;Column63;Column64;Column65;Column66;Column67;Column68;Column69;Column70;Column71;Column72;Column73;Column74;Column75;Column76;Column77;Column78;Column79;Column80;Column81;Column82;Column83;Column84;Column85;Column86;Column87;Column88;Column89;Column90;Column91;Column92;Column93;Column94;Column95;Column96;Column97;Column98;Column99;Column100;Column101
web_scraper_order;web_scraper_start_url;link;fecha;Copa;estadio;espectadores;arbitr;equipo 1;equipo 2;resultado;jugadores_1;jugadores_2;jugadores_3;jugadores_4;jugadores_5;jugadores_6;jugadores_7;jugadores_8;jugadores_9;jugadores_10;jugadores_11;jugadores_12;jugadores_13;jugadores_14;jugadores_15;jugadores_16;jugadores_17;jugadores_18;jugadores_19;jugadores_20;jugadores_21;jugadores_22;jugadores_23;jugadores_24;jugadores_25;jugadores_26;jugadores_27;jugadores_28;jugadores_29;jugadores_30;tipo-falta-1;tipo-falta-2;tipo-falta-3;tipo-falta-4;tipo-falta-5;tipo-falta-6;tipo-falta-7;tipo-falta-8;tipo-falta-9;tipo-falta-10;tipo-falta-11;tipo-falta-12;tipo-falta-13;tipo-falta-14;tipo-falta-15;tipo-falta-16;tipo-falta-17;tipo-falta-18;tipo-falta-19;tipo-falta-20;tipo-falta-21;tipo-falta-22;tipo-falta-23;tipo-falta-24;tipo-falta-25;tipo-falta-26;tipo-falta-27;tipo-falta-28;tipo-falta-29;tipo-falta-30;equipo-falta_1;equipo-falta_2;equipo-falta_3;equipo-falta_4;equipo-falta_5;equipo-falta_6;equipo-falta_7;equipo-falta_8;equipo-falta_9;equipo-falta_10;equipo-falta_11;equipo-falta_12;equipo-falta_13;equipo-falta_14;equipo-falta_15;equipo-falta_16;equipo-falta_17;equipo-falta_18;equipo-falta_19;equipo-falta_20;equipo-falta_21;equipo-falta_22;equipo-falta_23;equipo-falta_24;equipo-falta_25;equipo-falta_26;equipo-falta_27;equipo-falta_28;equipo-falta_29;equipo-falta_30
1777230620-1;https://www.transfermarkt.es/universidad-de-chile/bilanzdetail/verein/1037/plus/0?gegner_id=2433&saison_id=&wettbewerb_id=&day=&heim_gast=&punkte=&datum_von=&datum_bis=;https://www.transfermarkt.es/spielbericht/index/spielbericht/3485211;"2. Jornada                                                                             | dom, 15/05/1994                            
                          |  20:00H";Primera División de Chile;Nacional Julio Martínez Prádanos;64.992 Espectadores;Carlos Robles;Universidad de Chile;CSD Colo-Colo;3:1(2:1);;;;;;;;;;;;;;;;;;;;;;;;;;;;;;;;;;;;;;;;;;;;;;;;;;;;;;;;;;;;;;;;;;;;;;;;;;;;;;;;;;;;;;;;;;
1777230623-2;https://www.transfermarkt.es/universidad-de-chile/bilanzdetail/verein/1037/plus/0?gegner_id=2433&saison_id=&wettbewerb_id=&day=&heim_gast=&punkte=&datum_von=&datum_bis=;https://www.transfermarkt.es/spielbericht/index/spielbericht/4307343;17. Jornada                                                                             | dom, 02/10/1994;Primera División de Chile;Monumental David Arellano;65.516 Espectadores;Iván Guerrero;CSD Colo-Colo;Universidad de Chile;0:0(0:0);;;;;;;;;;;;;;;;;;;;;;;;;;;;;;;;;;;;;;;;;;;;;;;;;;;;;;;;;;;;;;;;;;;;;;;;;;;;;;;;;;;;;;;;;;
1777230626-3;https://www.transfermarkt.es/universidad-de-chile/bilanzdetail/verein/1037/plus/0?gegner_id=2433&saison_id=&wettbewerb_id=&day=&heim_gast=&punkte=&datum_von=&datum_bis=;https://www.transfermarkt.es/spielbericht/index/spielbericht/4500138;"Semifinal - Ida                                                                             | mié, 20/11/1996                            
                          |  Vuelta: 2:0";Copa Chile;Monumental David Arellano;;;CSD Colo-Colo;Universidad de Chile;2:3(:);;;;;;;;;;;;;;;;;;;;;;;;;;;;;;;;;;;;;;;;;;;;;;;;;;;;;;;;;;;;;;;;;;;;;;;;;;;;;;;;;;;;;;;;;;
1777230629-4;https://www.transfermarkt.es/universidad-de-chile/bilanzdetail/verein/1037/plus/0?gegner_id=2433&saison_id=&wettbewerb_id=&day=&heim_gast=&punkte=&datum_von=&datum_bis=;https://www.transfermarkt.es/spielbericht/index/spielbericht/4500140;"Semifinal - Vuelta                                                                             | mar, 26/11/1996                            
                          |  Ida: 3:2";Copa Chile;Nacional Julio Martínez Prádanos;;;Universidad de Chile;CSD Colo-Colo;0:2(:);;;;;;;;;;;;;;;;;;;;;;;;;;;;;;;;;;;;;;;;;;;;;;;;;;;;;;;;;;;;;;;;;;;;;;;;;;;;;;;;;;;;;;;;;;
1777230633-5;https://www.transfermarkt.es/universidad-de-chile/bilanzdetail/verein/1037/plus/0?gegner_id=2433&saison_id=&wettbewerb_id=&day=&heim_gast=&punkte=&datum_von=&datum_bis=;https://www.transfermarkt.es/spielbericht/index/spielbericht/4615973;2. Jornada                                                                             | dom, 07/03/1999;Primera División de Chile;Monumental David Arellano;;;CSD Colo-Colo;Universidad de Chile;5:2(:);;;;;;;;;;;;;;;;;;;;;;;;;;;;;;;;;;;;;;;;;;;;;;;;;;;;;;;;;;;;;;;;;;;;;;;;;;;;;;;;;;;;;;;;;;
1777230636-6;https://www.transfermarkt.es/universidad-de-chile/bilanzdetail/verein/1037/plus/0?gegner_id=2433&saison_id=&wettbewerb_id=&day=&heim_gast=&punkte=&datum_von=&datum_bis=;https://www.transfermarkt.es/spielbericht/index/spielbericht/4619687;17. Jornada                                                                             | sáb, 12/06/1999;Primera División de Chile;Nacional Julio Martínez Prádanos;;;Universidad de Chile;CSD Colo-Colo;3:0(:);;;;;;;;;;;;;;;;;;;;;;;;;;;;;;;;;;;;;;;;;;;;;;;;;;;;;;;;;;;;;;;;;;;;;;;;;;;;;;;;;;;;;;;;;;
1777230639-7;https://www.transfermarkt.es/universidad-de-chile/bilanzdetail/verein/1037/plus/0?gegner_id=2433&saison_id=&wettbewerb_id=&day=&heim_gast=&punkte=&datum_von=&datum_bis=;https://www.transfermarkt.es/spielbericht/index/spielbericht/4313904;"Grupo E                                                                             | jue, 29/07/1999                            
                          |  02:30H";Copa Mercosur;Nacional Julio Martínez Prádanos;;Rubén Selman;Universidad de Chile;CSD Colo-Colo;0:2(0:1);Mauricio Aros;Eduardo Arancibia;Clarence Acuña;Luis Musrri;Juan Carlos González;Pedro González;;;;;;;;;;;;;;;;;;;;;;;;;"Mauricio Aros

                                    1. Tarjeta amarilla";Mauricio Aros;"Eduardo Arancibia

                                    1. Tarjeta amarilla";Eduardo Arancibia;"Clarence Acuña

                                    Tarjeta roja";Clarence Acuña;"Luis Musrri

                                    1. Tarjeta amarilla";Luis Musrri;"Juan Carlos González

                                    1. Tarjeta amarilla";"Pedro González

                                    1. Tarjeta amarilla";Pedro González;;;;;;;;;;;;;;;;;;;;Universidad de Chile;Universidad de Chile;Universidad de Chile;Universidad de Chile;CSD Colo-Colo;Universidad de Chile;;;;;;;;;;;;;;;;;;;;;;;;
1777230642-8;https://www.transfermarkt.es/universidad-de-chile/bilanzdetail/verein/1037/plus/0?gegner_id=2433&saison_id=&wettbewerb_id=&day=&heim_gast=&punkte=&datum_von=&datum_bis=;https://www.transfermarkt.es/spielbericht/index/spielbericht/4313948;"Grupo E                                                                             | vie, 10/09/1999                            
                          |  01:30H";Copa Mercosur;Monumental David Arellano;;Braulio Arenas;CSD Colo-Colo;Universidad de Chile;0:0(0:0);Marquinhos;Clarence Acuña;Eduardo Arancibia;David Henríquez;Cristian Uribe;Pablo Galdames;Leonardo Rodríguez;Emerson Pereira;;;;;;;;;;;;;;;;;;;;;;;"Marquinhos

                                    2. Tarjeta amarilla";Marquinhos;"Clarence Acuña

                                    Tarjeta roja";"Eduardo Arancibia

                                    3. Tarjeta amarilla";"David Henríquez

                                    Tarjeta roja";David Henríquez;"Cristian Uribe

                                    1. Tarjeta amarilla";Cristian Uribe;"Pablo Galdames

                                    2. Tarjeta amarilla";"Leonardo Rodríguez

                                    1. Tarjeta amarilla";"Emerson Pereira

                                    2. Tarjeta amarilla";Emerson Pereira;;;;;;;;;;;;;;;;;;;CSD Colo-Colo;Universidad de Chile;Universidad de Chile;CSD Colo-Colo;CSD Colo-Colo;Universidad de Chile;Universidad de Chile;CSD Colo-Colo;;;;;;;;;;;;;;;;;;;;;;
1777230644-9;https://www.transfermarkt.es/universidad-de-chile/bilanzdetail/verein/1037/plus/0?gegner_id=2433&saison_id=&wettbewerb_id=&day=&heim_gast=&punkte=&datum_von=&datum_bis=;https://www.transfermarkt.es/spielbericht/index/spielbericht/4620174;"37. Jornada                                                                             | sáb, 06/11/1999                            
                          |  21:00H";Primera División de Chile;Monumental David Arellano;19.574 Espectadores;Braulio Arenas;CSD Colo-Colo;Universidad de Chile;0:1(0:0);José Luis Sierra;Juan Carlos González;Flavio Maestri;Marcelo Barticciotto;Cristian Castañeda;Marco Villaseca;;;;;;;;;;;;;;;;;;;;;;;;;"José Luis Sierra

                                    1. Tarjeta amarilla";José Luis Sierra;"Juan Carlos González

                                    1. Tarjeta amarilla";Juan Carlos González;"Flavio Maestri

                                    1. Tarjeta amarilla";"Marcelo Barticciotto

                                    1. Tarjeta amarilla";Marcelo Barticciotto;"Cristian Castañeda

                                    1. Tarjeta amarilla  , Falta";"Marco Villaseca

                                    1. Tarjeta amarilla  , Falta";Marco Villaseca;;;;;;;;;;;;;;;;;;;;;CSD Colo-Colo;CSD Colo-Colo;Universidad de Chile;CSD Colo-Colo;Universidad de Chile;CSD Colo-Colo;;;;;;;;;;;;;;;;;;;;;;;;
1777230648-10;https://www.transfermarkt.es/universidad-de-chile/bilanzdetail/verein/1037/plus/0?gegner_id=2433&saison_id=&wettbewerb_id=&day=&heim_gast=&punkte=&datum_von=&datum_bis=;https://www.transfermarkt.es/spielbericht/index/spielbericht/4620233;44. Jornada                                                                             | mié, 15/12/1999;Primera División de Chile;Nacional Julio Martínez Prádanos;;;Universidad de Chile;CSD Colo-Colo;0:3(:);;;;;;;;;;;;;;;;;;;;;;;;;;;;;;;;;;;;;;;;;;;;;;;;;;;;;;;;;;;;;;;;;;;;;;;;;;;;;;;;;;;;;;;;;;
1777230650-11;https://www.transfermarkt.es/universidad-de-chile/bilanzdetail/verein/1037/plus/0?gegner_id=2433&saison_id=&wettbewerb_id=&day=&heim_gast=&punkte=&datum_von=&datum_bis=;https://www.transfermarkt.es/spielbericht/index/spielbericht/4400787;"Semifinales                                                                             | jue, 04/05/00                            
                          |  01:00H";Copa Apertura;Nacional Julio Martínez Prádanos;25.000 Espectadores;Mario Sánchez;Universidad de Chile;CSD Colo-Colo;3:1(1:1);Eduardo Arancibia;Mauricio Aros;Emerson Pereira;Clarence Acuña;Jaime Lopresti;Cristian Flores;;;;;;;;;;;;;;;;;;;;;;;;;"Eduardo Arancibia

                                    1. Tarjeta amarilla";Eduardo Arancibia;"Mauricio Aros

                                    1. Tarjeta amarilla";Mauricio Aros;"Emerson Pereira

                                    1. Tarjeta amarilla";"Clarence Acuña

                                    1. Tarjeta amarilla";Clarence Acuña;"Jaime Lopresti

                                    1. Tarjeta amarilla";"Cristian Flores

                                    Tarjeta roja";;;;;;;;;;;;;;;;;;;;;;Universidad de Chile;Universidad de Chile;CSD Colo-Colo;Universidad de Chile;CSD Colo-Colo;CSD Colo-Colo;;;;;;;;;;;;;;;;;;;;;;;;
1777230653-12;https://www.transfermarkt.es/universidad-de-chile/bilanzdetail/verein/1037/plus/0?gegner_id=2433&saison_id=&wettbewerb_id=&day=&heim_gast=&punkte=&datum_von=&datum_bis=;https://www.transfermarkt.es/spielbericht/index/spielbericht/4607203;"9. Jornada                                                                             | sáb, 17/06/00                            
                          |  23:00H";Primera División de Chile;Nacional Julio Martínez Prádanos;40.000 Espectadores;Eduardo Gamboa Martínez;Universidad de Chile;CSD Colo-Colo;3:1(1:0);Diego Rivarola;Marco Villaseca;Marcelo Ramírez;Emerson Pereira;Jaime Lopresti;Cristian Flores;Leonardo Rodríguez;Francisco Rojas;;;;;;;;;;;;;;;;;;;;;;;"Diego Rivarola

                                    1. Tarjeta amarilla";Diego Rivarola;"Marco Villaseca

                                    1. Tarjeta amarilla";"Marcelo Ramírez

                                    1. Tarjeta amarilla";"Emerson Pereira

                                    1. Tarjeta amarilla";"Jaime Lopresti

                                    1. Tarjeta amarilla";"Cristian Flores

                                    1. Tarjeta amarilla";"Leonardo Rodríguez

                                    1. Tarjeta amarilla";Leonardo Rodríguez;"Francisco Rojas

                                    Tarjeta roja  , Falta tremenda";;;;;;;;;;;;;;;;;;;;;Universidad de Chile;CSD Colo-Colo;CSD Colo-Colo;CSD Colo-Colo;CSD Colo-Colo;CSD Colo-Colo;Universidad de Chile;CSD Colo-Colo;;;;;;;;;;;;;;;;;;;;;;
1777230656-13;https://www.transfermarkt.es/universidad-de-chile/bilanzdetail/verein/1037/plus/0?gegner_id=2433&saison_id=&wettbewerb_id=&day=&heim_gast=&punkte=&datum_von=&datum_bis=;https://www.transfermarkt.es/spielbericht/index/spielbericht/4607288;"24. Jornada                                                                             | dom, 05/11/00                            
                          |  22:00H";Primera División de Chile;Monumental David Arellano;33.537 Espectadores;Robert Troxler;CSD Colo-Colo;Universidad de Chile;1:3(0:0);Diego Rivarola;Raúl Muñoz;Rafael Olarra;;;;;;;;;;;;;;;;;;;;;;;;;;;;"Diego Rivarola

                                    2. Tarjeta amarilla";"Raúl Muñoz

                                    1. Tarjeta amarilla  , Falta";Raúl Muñoz;"Rafael Olarra

                                    1. Tarjeta amarilla  , Falta";;;;;;;;;;;;;;;;;;;;;;;;;;;Universidad de Chile;CSD Colo-Colo;Universidad de Chile;;;;;;;;;;;;;;;;;;;;;;;;;;;
1777230659-14;https://www.transfermarkt.es/universidad-de-chile/bilanzdetail/verein/1037/plus/0?gegner_id=2433&saison_id=&wettbewerb_id=&day=&heim_gast=&punkte=&datum_von=&datum_bis=;https://www.transfermarkt.es/spielbericht/index/spielbericht/4595274;4. Jornada                                                                             | sáb, 31/03/01;Primera División de Chile;Nacional Julio Martínez Prádanos;;Guido Aros;Universidad de Chile;CSD Colo-Colo;1:1(0:0);;;;;;;;;;;;;;;;;;;;;;;;;;;;;;;;;;;;;;;;;;;;;;;;;;;;;;;;;;;;;;;;;;;;;;;;;;;;;;;;;;;;;;;;;;
1777230662-15;https://www.transfermarkt.es/universidad-de-chile/bilanzdetail/verein/1037/plus/0?gegner_id=2433&saison_id=&wettbewerb_id=&day=&heim_gast=&punkte=&datum_von=&datum_bis=;https://www.transfermarkt.es/spielbericht/index/spielbericht/4595585;"19. Jornada                                                                             | dom, 09/09/01                            
                          |  20:00H";Primera División de Chile;Monumental David Arellano;;Eduardo Ponce;CSD Colo-Colo;Universidad de Chile;2:3(1:1);;;;;;;;;;;;;;;;;;;;;;;;;;;;;;;;;;;;;;;;;;;;;;;;;;;;;;;;;;;;;;;;;;;;;;;;;;;;;;;;;;;;;;;;;;
1777230664-16;https://www.transfermarkt.es/universidad-de-chile/bilanzdetail/verein/1037/plus/0?gegner_id=2433&saison_id=&wettbewerb_id=&day=&heim_gast=&punkte=&datum_von=&datum_bis=;https://www.transfermarkt.es/spielbericht/index/spielbericht/4595018;13. Jornada                                                                             | sáb, 11/05/02;Torneo Apertura (-2016);Nacional Julio Martínez Prádanos;36.394 Espectadores;Pablo Pozo;Universidad de Chile;CSD Colo-Colo;0:3(0:1);Álex von Schwedler;Francisco Huaiquipán;Alonzo Zúñiga;Nelson Pinto;Luis Musrri;;;;;;;;;;;;;;;;;;;;;;;;;;"Álex von Schwedler

                                    1. Tarjeta amarilla  , Falta";Álex von Schwedler;"Francisco Huaiquipán

                                    1. Tarjeta amarilla  , Precipitarse hacia las vallas";"Alonzo Zúñiga

                                    1. Tarjeta amarilla  , Falta";"Nelson Pinto

                                    1. Tarjeta amarilla  , Falta";Nelson Pinto;"Luis Musrri

                                    2. Tarjeta amarilla  , Falta";Luis Musrri;;;;;;;;;;;;;;;;;;;;;;;Universidad de Chile;CSD Colo-Colo;CSD Colo-Colo;Universidad de Chile;Universidad de Chile;;;;;;;;;;;;;;;;;;;;;;;;;
1777230667-17;https://www.transfermarkt.es/universidad-de-chile/bilanzdetail/verein/1037/plus/0?gegner_id=2433&saison_id=&wettbewerb_id=&day=&heim_gast=&punkte=&datum_von=&datum_bis=;https://www.transfermarkt.es/spielbericht/index/spielbericht/4593941;"13. Jornada                                                                             | dom, 10/11/02                            
                          |  20:00H";Torneo Clausura (-2017);Monumental David Arellano;40.000 Espectadores;Guido Aros;CSD Colo-Colo;Universidad de Chile;0:0(0:0);Luis Musrri;Manuel Neira;;;;;;;;;;;;;;;;;;;;;;;;;;;;;"Luis Musrri

                                    Tarjeta roja  , Falta tremenda";"Manuel Neira

                                    Tarjeta roja  , Conducta violenta";Manuel Neira;;;;;;;;;;;;;;;;;;;;;;;;;;;;Universidad de Chile;CSD Colo-Colo;;;;;;;;;;;;;;;;;;;;;;;;;;;;
1777230670-18;https://www.transfermarkt.es/universidad-de-chile/bilanzdetail/verein/1037/plus/0?gegner_id=2433&saison_id=&wettbewerb_id=&day=&heim_gast=&punkte=&datum_von=&datum_bis=;https://www.transfermarkt.es/spielbericht/index/spielbericht/4592807;"6. Jornada                                                                             | dom, 16/03/03                            
                          |  17:00H";Torneo Apertura (-2016);Nacional Julio Martínez Prádanos;45.000 Espectadores;Rubén Selman;Universidad de Chile;CSD Colo-Colo;0:0(0:0);Faustino Asprilla;Luis Musrri;Moisés Villarroel;Nelson Pinto;Braulio Leal;Faustino Asprilla;Marcelo Espina;;;;;;;;;;;;;;;;;;;;;;;;"Faustino Asprilla

                                    Tarjeta amarilla";Faustino Asprilla;"Luis Musrri

                                    3. Tarjeta amarilla";Luis Musrri;"Moisés Villarroel

                                    1. Tarjeta amarilla";"Nelson Pinto

                                    2. Tarjeta amarilla";Nelson Pinto;"Braulio Leal

                                    1. Tarjeta amarilla";"Faustino Asprilla

                                    Segunda tarjeta amarilla";Faustino Asprilla;"Marcelo Espina

                                    Tarjeta roja";;;;;;;;;;;;;;;;;;;;Universidad de Chile;Universidad de Chile;CSD Colo-Colo;Universidad de Chile;CSD Colo-Colo;Universidad de Chile;CSD Colo-Colo;;;;;;;;;;;;;;;;;;;;;;;
1777230673-19;https://www.transfermarkt.es/universidad-de-chile/bilanzdetail/verein/1037/plus/0?gegner_id=2433&saison_id=&wettbewerb_id=&day=&heim_gast=&punkte=&datum_von=&datum_bis=;https://www.transfermarkt.es/spielbericht/index/spielbericht/4591847;"6. Jornada                                                                             | dom, 31/08/03                            
                          |  20:00H";Torneo Clausura (-2017);Monumental David Arellano;;Rubén Selman;CSD Colo-Colo;Universidad de Chile;1:1(1:1);José Rojas;Luis Musrri;Luis Mena;;;;;;;;;;;;;;;;;;;;;;;;;;;;"José Rojas

                                    1. Tarjeta amarilla";"Luis Musrri

                                    1. Tarjeta amarilla";"Luis Mena

                                    1. Tarjeta amarilla";Luis Mena;;;;;;;;;;;;;;;;;;;;;;;;;;;Universidad de Chile;Universidad de Chile;CSD Colo-Colo;;;;;;;;;;;;;;;;;;;;;;;;;;;
1777230675-20;https://www.transfermarkt.es/universidad-de-chile/bilanzdetail/verein/1037/plus/0?gegner_id=2433&saison_id=&wettbewerb_id=&day=&heim_gast=&punkte=&datum_von=&datum_bis=;https://www.transfermarkt.es/spielbericht/index/spielbericht/4400838;"1. Jornada                                                                             | dom, 08/02/04                            
                          |  20:00H";Torneo Apertura (-2016);Nacional Julio Martínez Prádanos;25.000 Espectadores;Pablo Pozo;CSD Colo-Colo;Universidad de Chile;0:4(0:1);Manuel Ibarra;Mauricio Donoso;Manuel Iturra;Víctor Cancino;Luis Mena;Marco Olea;Miguel Ramírez;Miguel Aceval;;;;;;;;;;;;;;;;;;;;;;;"Manuel Ibarra

                                    1. Tarjeta amarilla  , Falta";"Mauricio Donoso

                                    1. Tarjeta amarilla  , Falta";Mauricio Donoso;"Manuel Iturra

                                    1. Tarjeta amarilla  , Precipitarse hacia las vallas";"Víctor Cancino

                                    1. Tarjeta amarilla  , Falta repetida";"Luis Mena

                                    1. Tarjeta amarilla  , Falta";Luis Mena;"Marco Olea

                                    1. Tarjeta amarilla  , Simular ser objeto de falta";"Miguel Ramírez

                                    1. Tarjeta amarilla  , Falta";Miguel Ramírez;"Miguel Aceval

                                    1. Tarjeta amarilla  , Falta";Miguel Aceval;;;;;;;;;;;;;;;;;;;Universidad de Chile;CSD Colo-Colo;Universidad de Chile;Universidad de Chile;CSD Colo-Colo;Universidad de Chile;CSD Colo-Colo;CSD Colo-Colo;;;;;;;;;;;;;;;;;;;;;;
1777230680-21;https://www.transfermarkt.es/universidad-de-chile/bilanzdetail/verein/1037/plus/0?gegner_id=2433&saison_id=&wettbewerb_id=&day=&heim_gast=&punkte=&datum_von=&datum_bis=;https://www.transfermarkt.es/spielbericht/index/spielbericht/4400844;"1. Jornada                                                                             | dom, 01/08/04                            
                          |  21:00H";Torneo Clausura (-2017);Nacional Julio Martínez Prádanos;19.092 Espectadores;Carlos Chandía;Universidad de Chile;CSD Colo-Colo;0:1(0:1);Miguel Riffo;Luis Musrri;Diego Rivarola;José Rojas;Miguel Aceval;Mauricio Donoso;Ismael Fuentes;Víctor Cancino;Felipe Flores;;;;;;;;;;;;;;;;;;;;;;"Miguel Riffo

                                    1. Tarjeta amarilla  , Falta";"Luis Musrri

                                    1. Tarjeta amarilla  , Falta";Luis Musrri;"Diego Rivarola

                                    1. Tarjeta amarilla  , Protestar";Diego Rivarola;"José Rojas

                                    1. Tarjeta amarilla  , Falta";José Rojas;"Miguel Aceval

                                    1. Tarjeta amarilla  , Comportamiento antideportivo";"Mauricio Donoso

                                    1. Tarjeta amarilla  , Comportamiento antideportivo";"Ismael Fuentes

                                    1. Tarjeta amarilla  , Falta";"Víctor Cancino

                                    1. Tarjeta amarilla  , Falta";Víctor Cancino;"Felipe Flores

                                    1. Tarjeta amarilla  , Mano";;;;;;;;;;;;;;;;;;CSD Colo-Colo;Universidad de Chile;Universidad de Chile;Universidad de Chile;CSD Colo-Colo;CSD Colo-Colo;CSD Colo-Colo;Universidad de Chile;CSD Colo-Colo;;;;;;;;;;;;;;;;;;;;;
1777230683-22;https://www.transfermarkt.es/universidad-de-chile/bilanzdetail/verein/1037/plus/0?gegner_id=2433&saison_id=&wettbewerb_id=&day=&heim_gast=&punkte=&datum_von=&datum_bis=;https://www.transfermarkt.es/spielbericht/index/spielbericht/4473003;"12. Jornada                                                                             | dom, 10/04/05                            
                          |  22:30H";Torneo Apertura (-2016);Nacional Julio Martínez Prádanos;50.000 Espectadores;Enrique Osses;CSD Colo-Colo;Universidad de Chile;1:1(0:1);Diego Rivarola;Rodolfo Madrid;José Rojas;Manuel Iturra;Nelson Pinto;Jaime Riveros;Johnny Herrera;Jorge Valdivia;Waldo Ponce;Moisés Villarroel;Claudio Bravo;Nelson Pinto;;;;;;;;;;;;;;;;;;;"Diego Rivarola

                                    1. Tarjeta amarilla  , Protestar";"Rodolfo Madrid

                                    1. Tarjeta amarilla  , Falta";Rodolfo Madrid;"José Rojas

                                    2. Tarjeta amarilla  , Falta";"Manuel Iturra

                                    2. Tarjeta amarilla  , Falta";"Nelson Pinto

                                    Tarjeta amarilla  , Falta";"Jaime Riveros

                                    1. Tarjeta amarilla  , Protestar";"Johnny Herrera

                                    Tarjeta roja  , Conducta violenta";"Jorge Valdivia

                                    Tarjeta roja  , Comportamiento antideportivo";Jorge Valdivia;"Waldo Ponce

                                    Tarjeta roja  , Comportamiento antideportivo";"Moisés Villarroel

                                    Tarjeta roja  , Comportamiento antideportivo";Moisés Villarroel;"Claudio Bravo

                                    2. Tarjeta amarilla  , Protestar";Claudio Bravo;"Nelson Pinto

                                    Segunda tarjeta amarilla  , Conducta violenta";;;;;;;;;;;;;;;Universidad de Chile;CSD Colo-Colo;Universidad de Chile;Universidad de Chile;Universidad de Chile;Universidad de Chile;Universidad de Chile;CSD Colo-Colo;Universidad de Chile;CSD Colo-Colo;CSD Colo-Colo;Universidad de Chile;;;;;;;;;;;;;;;;;;
1777230686-23;https://www.transfermarkt.es/universidad-de-chile/bilanzdetail/verein/1037/plus/0?gegner_id=2433&saison_id=&wettbewerb_id=&day=&heim_gast=&punkte=&datum_von=&datum_bis=;https://www.transfermarkt.es/spielbericht/index/spielbericht/4469283;"7. Jornada                                                                             | vie, 09/09/05                            
                          |  02:45H";Torneo Clausura (-2017);Nacional Julio Martínez Prádanos;40.000 Espectadores;Carlos Chandía;Universidad de Chile;CSD Colo-Colo;1:0(1:0);Hernán Losada;Julio Moreyra;Diego Rivarola;Hugo Droguett;Johnny Herrera;Felipe Flores;Héctor Tapia;Jorge Valdivia;Rodolfo Madrid;Álvaro Ormeño;Cristián Canío;David Henríquez;Luis Pedro Figueroa;;;;;;;;;;;;;;;;;;"Hernán Losada

                                    2. Tarjeta amarilla  , Falta";Hernán Losada;"Julio Moreyra

                                    1. Tarjeta amarilla  , Falta";Julio Moreyra;"Diego Rivarola

                                    1. Tarjeta amarilla  , Quitarse la camiseta";Diego Rivarola;"Hugo Droguett

                                    3. Tarjeta amarilla  , Falta";Hugo Droguett;"Johnny Herrera

                                    1. Tarjeta amarilla  , Perder tiempo";Johnny Herrera;"Felipe Flores

                                    2. Tarjeta amarilla  , Simular ser objeto de falta";"Héctor Tapia

                                    1. Tarjeta amarilla  , Falta";"Jorge Valdivia

                                    3. Tarjeta amarilla  , Falta";"Rodolfo Madrid

                                    2. Tarjeta amarilla  , Falta";"Álvaro Ormeño

                                    3. Tarjeta amarilla  , Protestar";"Cristián Canío

                                    Tarjeta roja  , Encararse con adversarios";Cristián Canío;"David Henríquez

                                    Tarjeta roja  , Encararse con adversarios";"Luis Pedro Figueroa

                                    1. Tarjeta amarilla  , Falta";Luis Pedro Figueroa;;;;;;;;;;;Universidad de Chile;Universidad de Chile;Universidad de Chile;Universidad de Chile;Universidad de Chile;CSD Colo-Colo;CSD Colo-Colo;CSD Colo-Colo;CSD Colo-Colo;CSD Colo-Colo;Universidad de Chile;CSD Colo-Colo;Universidad de Chile;;;;;;;;;;;;;;;;;
1777230689-24;https://www.transfermarkt.es/universidad-de-chile/bilanzdetail/verein/1037/plus/0?gegner_id=2433&saison_id=&wettbewerb_id=&day=&heim_gast=&punkte=&datum_von=&datum_bis=;https://www.transfermarkt.es/spielbericht/index/spielbericht/4467137;"11. Jornada                                                                             | dom, 09/04/06                            
                          |  20:00H";Torneo Apertura (-2016);Nacional Julio Martínez Prádanos;48.996 Espectadores;Carlos Chandía;Universidad de Chile;CSD Colo-Colo;1:3(1:2);Adrián Rojas;Mayer Candelo;Adrián Rojas;Julio Moreyra;Luis Mena;Jorge Valdivia;Cristián Canío;Gonzalo Fierro;;;;;;;;;;;;;;;;;;;;;;;"Adrián Rojas

                                    Tarjeta amarilla  , Falta";Adrián Rojas;"Mayer Candelo

                                    2. Tarjeta amarilla  , Falta";Mayer Candelo;"Adrián Rojas

                                    Segunda tarjeta amarilla  , Falta";Adrián Rojas;"Julio Moreyra

                                    6. Tarjeta amarilla  , Falta";Julio Moreyra;"Luis Mena

                                    1. Tarjeta amarilla  , Falta";"Jorge Valdivia

                                    1. Tarjeta amarilla  , Falta";"Cristián Canío

                                    1. Tarjeta amarilla  , Falta";Cristián Canío;"Gonzalo Fierro

                                    1. Tarjeta amarilla  , Quitarse la camiseta";;;;;;;;;;;;;;;;;;Universidad de Chile;Universidad de Chile;Universidad de Chile;Universidad de Chile;CSD Colo-Colo;CSD Colo-Colo;Universidad de Chile;CSD Colo-Colo;;;;;;;;;;;;;;;;;;;;;;
1777230691-25;https://www.transfermarkt.es/universidad-de-chile/bilanzdetail/verein/1037/plus/0?gegner_id=2433&saison_id=&wettbewerb_id=&day=&heim_gast=&punkte=&datum_von=&datum_bis=;https://www.transfermarkt.es/spielbericht/index/spielbericht/4363107;"Final - Ida                                                                            | mié, 28/06/06                            
                          |  20:00H  |  Vuelta: 2:4pen.";Play-offs Torneo Apertura;Nacional Julio Martínez Prádanos;28.804 Espectadores;Pablo Pozo;Universidad de Chile;CSD Colo-Colo;1:2(1:0);Miguel Aceval;Luis Mena;Manuel Iturra;Gonzalo Fierro;Marcelo Díaz;Rodrigo Jara;;;;;;;;;;;;;;;;;;;;;;;;;"Miguel Aceval

                                    2. Tarjeta amarilla";"Luis Mena

                                    2. Tarjeta amarilla";"Manuel Iturra

                                    1. Tarjeta amarilla";Manuel Iturra;"Gonzalo Fierro

                                    1. Tarjeta amarilla";"Marcelo Díaz

                                    1. Tarjeta amarilla";Marcelo Díaz;"Rodrigo Jara

                                    2. Tarjeta amarilla";Rodrigo Jara;;;;;;;;;;;;;;;;;;;;;;CSD Colo-Colo;CSD Colo-Colo;Universidad de Chile;CSD Colo-Colo;Universidad de Chile;Universidad de Chile;;;;;;;;;;;;;;;;;;;;;;;;
1777230694-26;https://www.transfermarkt.es/universidad-de-chile/bilanzdetail/verein/1037/plus/0?gegner_id=2433&saison_id=&wettbewerb_id=&day=&heim_gast=&punkte=&datum_von=&datum_bis=;https://www.transfermarkt.es/spielbericht/index/spielbericht/4363108;"Final - Vuelta                                                                            | dom, 02/07/06                            
                          |  20:00H  |  Ida: 2:1";Play-offs Torneo Apertura;Nacional Julio Martínez Prádanos;63.000 Espectadores;Rubén Selman;CSD Colo-Colo;Universidad de Chile;4:2pen.;Patricio Ormazábal;Andrés González;Adrián Rojas;Marcelo Díaz;Arturo Sanhueza;Luis Pedro Figueroa;;;;;;;;;;;;;;;;;;;;;;;;;"Patricio Ormazábal

                                    3. Tarjeta amarilla";"Andrés González

                                    1. Tarjeta amarilla";Andrés González;"Adrián Rojas

                                    1. Tarjeta amarilla";"Marcelo Díaz

                                    2. Tarjeta amarilla";"Arturo Sanhueza

                                    1. Tarjeta amarilla";Arturo Sanhueza;"Luis Pedro Figueroa

                                    1. Tarjeta amarilla";;;;;;;;;;;;;;;;;;;;;;;Universidad de Chile;CSD Colo-Colo;Universidad de Chile;Universidad de Chile;CSD Colo-Colo;Universidad de Chile;;;;;;;;;;;;;;;;;;;;;;;;
1777230697-27;https://www.transfermarkt.es/universidad-de-chile/bilanzdetail/verein/1037/plus/0?gegner_id=2433&saison_id=&wettbewerb_id=&day=&heim_gast=&punkte=&datum_von=&datum_bis=;https://www.transfermarkt.es/spielbericht/index/spielbericht/4468112;"15. Jornada                                                                             | dom, 29/10/06                            
                          |  20:30H";Torneo Clausura (-2017);Monumental David Arellano;30.000 Espectadores;Carlos Chandía;CSD Colo-Colo;Universidad de Chile;4:2(1:1);Miguel Riffo;Marcelo Salas;Arturo Sanhueza;Rodrigo Meléndez;Adrián Rojas;Luis Pedro Figueroa;Arturo Vidal;;;;;;;;;;;;;;;;;;;;;;;;"Miguel Riffo

                                    1. Tarjeta amarilla  , Falta";Miguel Riffo;"Marcelo Salas

                                    3. Tarjeta amarilla  , Encararse con adversarios";"Arturo Sanhueza

                                    6. Tarjeta amarilla  , Encararse con adversarios";Arturo Sanhueza;"Rodrigo Meléndez

                                    5. Tarjeta amarilla  , Falta";Rodrigo Meléndez;"Adrián Rojas

                                    2. Tarjeta amarilla  , Falta";"Luis Pedro Figueroa

                                    1. Tarjeta amarilla  , Falta";"Arturo Vidal

                                    3. Tarjeta amarilla  , Falta";Arturo Vidal;;;;;;;;;;;;;;;;;;;;CSD Colo-Colo;Universidad de Chile;CSD Colo-Colo;CSD Colo-Colo;Universidad de Chile;Universidad de Chile;CSD Colo-Colo;;;;;;;;;;;;;;;;;;;;;;;
1777230699-28;https://www.transfermarkt.es/universidad-de-chile/bilanzdetail/verein/1037/plus/0?gegner_id=2433&saison_id=&wettbewerb_id=&day=&heim_gast=&punkte=&datum_von=&datum_bis=;https://www.transfermarkt.es/spielbericht/index/spielbericht/4465566;"15. Jornada                                                                             | dom, 29/04/07                            
                          |  21:00H";Torneo Apertura (-2016);Nacional Julio Martínez Prádanos;50.000 Espectadores;Carlos Chandía;Universidad de Chile;CSD Colo-Colo;0:0(0:0);Mauricio Pinilla;Arturo Vidal;Jorge Acuña;Rodrigo Meléndez;Manuel Iturra;;;;;;;;;;;;;;;;;;;;;;;;;;"Mauricio Pinilla

                                    2. Tarjeta amarilla  , Falta";Mauricio Pinilla;"Arturo Vidal

                                    5. Tarjeta amarilla  , Encararse con adversarios";"Jorge Acuña

                                    Tarjeta roja  , Falta tremenda";Jorge Acuña;"Rodrigo Meléndez

                                    6. Tarjeta amarilla  , Falta";"Manuel Iturra

                                    4. Tarjeta amarilla  , Falta";Manuel Iturra;;;;;;;;;;;;;;;;;;;;;;;Universidad de Chile;CSD Colo-Colo;Universidad de Chile;CSD Colo-Colo;Universidad de Chile;;;;;;;;;;;;;;;;;;;;;;;;;
1777230702-29;https://www.transfermarkt.es/universidad-de-chile/bilanzdetail/verein/1037/plus/0?gegner_id=2433&saison_id=&wettbewerb_id=&day=&heim_gast=&punkte=&datum_von=&datum_bis=;https://www.transfermarkt.es/spielbericht/index/spielbericht/4459586;"15. Jornada                                                                             | dom, 21/10/07                            
                          |  20:00H";Torneo Clausura (-2017);Monumental David Arellano;30.000 Espectadores;Carlos Chandía;CSD Colo-Colo;Universidad de Chile;2:2(1:1);Rodrigo Meléndez;Marcelo Salas;Gonzalo Fierro;Ángel Rojas;Luis Mena;Eduardo Rubio;Waldo Ponce;Sebastián Pinto;;;;;;;;;;;;;;;;;;;;;;;"Rodrigo Meléndez

                                    1. Tarjeta amarilla  , Protestar";Rodrigo Meléndez;"Marcelo Salas

                                    2. Tarjeta amarilla  , Falta";"Gonzalo Fierro

                                    1. Tarjeta amarilla  , Protestar";Gonzalo Fierro;"Ángel Rojas

                                    2. Tarjeta amarilla  , Falta";"Luis Mena

                                    1. Tarjeta amarilla  , Falta";Luis Mena;"Eduardo Rubio

                                    1. Tarjeta amarilla  , Falta";Eduardo Rubio;"Waldo Ponce

                                    1. Tarjeta amarilla  , Mano";"Sebastián Pinto

                                    2. Tarjeta amarilla  , Precipitarse hacia las vallas";;;;;;;;;;;;;;;;;;;CSD Colo-Colo;Universidad de Chile;CSD Colo-Colo;Universidad de Chile;CSD Colo-Colo;CSD Colo-Colo;Universidad de Chile;Universidad de Chile;;;;;;;;;;;;;;;;;;;;;;
1777230705-30;https://www.transfermarkt.es/universidad-de-chile/bilanzdetail/verein/1037/plus/0?gegner_id=2433&saison_id=&wettbewerb_id=&day=&heim_gast=&punkte=&datum_von=&datum_bis=;https://www.transfermarkt.es/spielbericht/index/spielbericht/4362979;"Semifinal - Ida                                                                             | jue, 13/12/07                            
                          |  23:00H  |  Vuelta: 1:0";Play-offs Torneo Clausura;Monumental David Arellano;25.000 Espectadores;Pablo Pozo;CSD Colo-Colo;Universidad de Chile;2:0(2:0);Rafael Olarra;Manuel Iturra;Luis Mena;José Rojas;Moisés Villarroel;;;;;;;;;;;;;;;;;;;;;;;;;;"Rafael Olarra

                                    1. Tarjeta amarilla";"Manuel Iturra

                                    1. Tarjeta amarilla";"Luis Mena

                                    1. Tarjeta amarilla";Luis Mena;"José Rojas

                                    2. Tarjeta amarilla";"Moisés Villarroel

                                    1. Tarjeta amarilla";Moisés Villarroel;;;;;;;;;;;;;;;;;;;;;;;;Universidad de Chile;Universidad de Chile;CSD Colo-Colo;Universidad de Chile;CSD Colo-Colo;;;;;;;;;;;;;;;;;;;;;;;;;
1777230707-31;https://www.transfermarkt.es/universidad-de-chile/bilanzdetail/verein/1037/plus/0?gegner_id=2433&saison_id=&wettbewerb_id=&day=&heim_gast=&punkte=&datum_von=&datum_bis=;https://www.transfermarkt.es/spielbericht/index/spielbericht/4362987;"Semifinal - Vuelta                                                                             | dom, 16/12/07                            
                          |  23:00H  |  Ida: 0:2";Play-offs Torneo Clausura;Nacional Julio Martínez Prádanos;35.000 Espectadores;Enrique Osses;Universidad de Chile;CSD Colo-Colo;0:1(0:0);Marcelo Díaz;Moisés Villarroel;Waldo Ponce;Rafael Olarra;Gustavo Biscayzacú;Gonzalo Fierro;;;;;;;;;;;;;;;;;;;;;;;;;"Marcelo Díaz

                                    2. Tarjeta amarilla";Marcelo Díaz;"Moisés Villarroel

                                    2. Tarjeta amarilla";"Waldo Ponce

                                    1. Tarjeta amarilla";Waldo Ponce;"Rafael Olarra

                                    Tarjeta roja";Rafael Olarra;"Gustavo Biscayzacú

                                    1. Tarjeta amarilla";"Gonzalo Fierro

                                    1. Tarjeta amarilla";;;;;;;;;;;;;;;;;;;;;;Universidad de Chile;CSD Colo-Colo;Universidad de Chile;Universidad de Chile;CSD Colo-Colo;CSD Colo-Colo;;;;;;;;;;;;;;;;;;;;;;;;
1777230710-32;https://www.transfermarkt.es/universidad-de-chile/bilanzdetail/verein/1037/plus/0?gegner_id=2433&saison_id=&wettbewerb_id=&day=&heim_gast=&punkte=&datum_von=&datum_bis=;https://www.transfermarkt.es/spielbericht/index/spielbericht/4423197;"15. Jornada                                                                             | sáb, 12/04/08                            
                          |  20:30H";Torneo Apertura (-2016);Nacional Julio Martínez Prádanos;;Enrique Osses;Universidad de Chile;CSD Colo-Colo;1:0(1:0);Roberto Cereceda;Walter Montillo;Gonzalo Fierro;Ricardo Rojas;Cristián Muñoz;Jorge Carrasco;Marco Estrada;Emilio Hernández;Rodrigo Meléndez;;;;;;;;;;;;;;;;;;;;;;"Roberto Cereceda

                                    1. Tarjeta amarilla";"Walter Montillo

                                    3. Tarjeta amarilla";Walter Montillo;"Gonzalo Fierro

                                    1. Tarjeta amarilla";"Ricardo Rojas

                                    1. Tarjeta amarilla";"Cristián Muñoz

                                    1. Tarjeta amarilla";"Jorge Carrasco

                                    1. Tarjeta amarilla";"Marco Estrada

                                    6. Tarjeta amarilla";Marco Estrada;"Emilio Hernández

                                    5. Tarjeta amarilla";Emilio Hernández;"Rodrigo Meléndez

                                    1. Tarjeta amarilla";;;;;;;;;;;;;;;;;;;CSD Colo-Colo;Universidad de Chile;CSD Colo-Colo;CSD Colo-Colo;CSD Colo-Colo;CSD Colo-Colo;Universidad de Chile;Universidad de Chile;CSD Colo-Colo;;;;;;;;;;;;;;;;;;;;;
1777230713-33;https://www.transfermarkt.es/universidad-de-chile/bilanzdetail/verein/1037/plus/0?gegner_id=2433&saison_id=&wettbewerb_id=&day=&heim_gast=&punkte=&datum_von=&datum_bis=;https://www.transfermarkt.es/spielbericht/index/spielbericht/4418504;"15. Jornada                                                                             | dom, 05/10/08                            
                          |  20:10H";Torneo Clausura (-2017);Monumental David Arellano;40.000 Espectadores;Jorge Osorio;CSD Colo-Colo;Universidad de Chile;2:0(1:0);Roberto Cereceda;José Rojas;Rafael Olarra;Luis Mena;Marco Estrada;Lucas Barrios;;;;;;;;;;;;;;;;;;;;;;;;;"Roberto Cereceda

                                    2. Tarjeta amarilla";Roberto Cereceda;"José Rojas

                                    2. Tarjeta amarilla";"Rafael Olarra

                                    2. Tarjeta amarilla";"Luis Mena

                                    Tarjeta roja";Luis Mena;"Marco Estrada

                                    4. Tarjeta amarilla";"Lucas Barrios

                                    3. Tarjeta amarilla";Lucas Barrios;;;;;;;;;;;;;;;;;;;;;;CSD Colo-Colo;Universidad de Chile;Universidad de Chile;CSD Colo-Colo;Universidad de Chile;CSD Colo-Colo;;;;;;;;;;;;;;;;;;;;;;;;
1777230716-34;https://www.transfermarkt.es/universidad-de-chile/bilanzdetail/verein/1037/plus/0?gegner_id=2433&saison_id=&wettbewerb_id=&day=&heim_gast=&punkte=&datum_von=&datum_bis=;https://www.transfermarkt.es/spielbericht/index/spielbericht/1027016;"13. Jornada                                                                             | dom, 19/04/09                            
                          |  22:00H";Torneo Apertura (-2016);Nacional Julio Martínez Prádanos;42.000 Espectadores;Carlos Chandía;Universidad de Chile;CSD Colo-Colo;1:3(0:2);Felipe Seymour;Luis Mena;Marco Estrada;Osvaldo González;Lucas Barrios;José Rojas;José Rojas;Manuel Iturra;;;;;;;;;;;;;;;;;;;;;;;"Felipe Seymour

                                    3. Tarjeta amarilla";Felipe Seymour;"Luis Mena

                                    4. Tarjeta amarilla";"Marco Estrada

                                    3. Tarjeta amarilla";Marco Estrada;"Osvaldo González

                                    1. Tarjeta amarilla";Osvaldo González;"Lucas Barrios

                                    4. Tarjeta amarilla";"José Rojas

                                    Tarjeta amarilla";José Rojas;"José Rojas

                                    Segunda tarjeta amarilla";José Rojas;"Manuel Iturra

                                    2. Tarjeta amarilla";Manuel Iturra;;;;;;;;;;;;;;;;;Universidad de Chile;CSD Colo-Colo;Universidad de Chile;Universidad de Chile;CSD Colo-Colo;Universidad de Chile;Universidad de Chile;Universidad de Chile;;;;;;;;;;;;;;;;;;;;;;
1777230719-35;https://www.transfermarkt.es/universidad-de-chile/bilanzdetail/verein/1037/plus/0?gegner_id=2433&saison_id=&wettbewerb_id=&day=&heim_gast=&punkte=&datum_von=&datum_bis=;https://www.transfermarkt.es/spielbericht/index/spielbericht/975571;"13. Jornada                                                                             | sáb, 03/10/09                            
                          |  22:00H";Torneo Clausura (-2017);Monumental David Arellano;35.000 Espectadores;Pablo Pozo;CSD Colo-Colo;Universidad de Chile;1:0(0:0);Osvaldo González;Mauricio Arias;Roberto Cereceda;Paulo Magalhães;Rodrigo Meléndez;Manuel Iturra;Rafael Olarra;;;;;;;;;;;;;;;;;;;;;;;;"Osvaldo González

                                    5. Tarjeta amarilla  , Falta";"Mauricio Arias

                                    3. Tarjeta amarilla  , Falta";"Roberto Cereceda

                                    3. Tarjeta amarilla  , Falta";Roberto Cereceda;"Paulo Magalhães

                                    2. Tarjeta amarilla  , Falta";Paulo Magalhães;"Rodrigo Meléndez

                                    8. Tarjeta amarilla  , Falta";Rodrigo Meléndez;"Manuel Iturra

                                    2. Tarjeta amarilla  , Falta";"Rafael Olarra

                                    Tarjeta roja  , Derribar a un adversario en una ocasión manifiesta";;;;;;;;;;;;;;;;;;;;;Universidad de Chile;Universidad de Chile;CSD Colo-Colo;CSD Colo-Colo;CSD Colo-Colo;Universidad de Chile;Universidad de Chile;;;;;;;;;;;;;;;;;;;;;;;
1777230722-36;https://www.transfermarkt.es/universidad-de-chile/bilanzdetail/verein/1037/plus/0?gegner_id=2433&saison_id=&wettbewerb_id=&day=&heim_gast=&punkte=&datum_von=&datum_bis=;https://www.transfermarkt.es/spielbericht/index/spielbericht/1008735;"13. Jornada                                                                             | dom, 25/04/10                            
                          |  21:30H";Torneo Apertura (-2016);Monumental David Arellano;38.946 Espectadores;Jorge Osorio;CSD Colo-Colo;Universidad de Chile;1:0(1:0);Arturo Sanhueza;Manuel Iturra;Ezequiel Miralles;Rodrigo Meléndez;Francisco Prieto;Felipe Seymour;Sebastián Toro;Marco Estrada;;;;;;;;;;;;;;;;;;;;;;;"Arturo Sanhueza

                                    3. Tarjeta amarilla  , Falta";Arturo Sanhueza;"Manuel Iturra

                                    1. Tarjeta amarilla  , Falta";"Ezequiel Miralles

                                    Tarjeta roja  , Falta tremenda";Ezequiel Miralles;"Rodrigo Meléndez

                                    5. Tarjeta amarilla  , Protestar";Rodrigo Meléndez;"Francisco Prieto

                                    1. Tarjeta amarilla  , Protestar";Francisco Prieto;"Felipe Seymour

                                    5. Tarjeta amarilla  , Falta";"Sebastián Toro

                                    2. Tarjeta amarilla";Sebastián Toro;"Marco Estrada

                                    3. Tarjeta amarilla  , Mano";;;;;;;;;;;;;;;;;;CSD Colo-Colo;Universidad de Chile;CSD Colo-Colo;CSD Colo-Colo;CSD Colo-Colo;Universidad de Chile;CSD Colo-Colo;Universidad de Chile;;;;;;;;;;;;;;;;;;;;;;
1777230725-37;https://www.transfermarkt.es/universidad-de-chile/bilanzdetail/verein/1037/plus/0?gegner_id=2433&saison_id=&wettbewerb_id=&day=&heim_gast=&punkte=&datum_von=&datum_bis=;https://www.transfermarkt.es/spielbericht/index/spielbericht/1061683;"30. Jornada                                                                             | dom, 07/11/10                            
                          |  20:00H";Torneo Apertura (-2016);Nacional Julio Martínez Prádanos;29.800 Espectadores;Pablo Pozo;Universidad de Chile;CSD Colo-Colo;2:2(1:1);Rodrigo Millar;Edson Puch;Sebastián Toro;Andrés Scotti;Diego Rivarola;Francisco Prieto;Carlos Bueno;José Rojas;Andrés Scotti;Mauricio Victorino;Juan González;Ezequiel Miralles;;;;;;;;;;;;;;;;;;;"Rodrigo Millar

                                    4. Tarjeta amarilla  , Falta";"Edson Puch

                                    5. Tarjeta amarilla  , Protestar";Edson Puch;"Sebastián Toro

                                    8. Tarjeta amarilla  , Protestar";"Andrés Scotti

                                    6. Tarjeta amarilla  , Falta";"Diego Rivarola

                                    6. Tarjeta amarilla  , Falta";Diego Rivarola;"Francisco Prieto

                                    3. Tarjeta amarilla  , Comportamiento antideportivo";"Carlos Bueno

                                    2. Tarjeta amarilla  , Falta";Carlos Bueno;"José Rojas

                                    4. Tarjeta amarilla  , Falta";José Rojas;"Andrés Scotti

                                    Tarjeta roja  , Derribar a un adversario en una ocasión manifiesta";"Mauricio Victorino

                                    5. Tarjeta amarilla  , Falta";Mauricio Victorino;"Juan González

                                    Tarjeta roja  , Conducta violenta";Juan González;"Ezequiel Miralles

                                    Tarjeta roja  , Conducta violenta";;;;;;;;;;;;;CSD Colo-Colo;Universidad de Chile;CSD Colo-Colo;CSD Colo-Colo;Universidad de Chile;CSD Colo-Colo;Universidad de Chile;Universidad de Chile;CSD Colo-Colo;Universidad de Chile;Universidad de Chile;CSD Colo-Colo;;;;;;;;;;;;;;;;;;
1777230727-38;https://www.transfermarkt.es/universidad-de-chile/bilanzdetail/verein/1037/plus/0?gegner_id=2433&saison_id=&wettbewerb_id=&day=&heim_gast=&punkte=&datum_von=&datum_bis=;https://www.transfermarkt.es/spielbericht/index/spielbericht/1075391;"14. Jornada                                                                             | sáb, 30/04/11                            
                          |  21:00H";Torneo Apertura (-2016);Nacional Julio Martínez Prádanos;32.323 Espectadores;Enrique Osses;Universidad de Chile;CSD Colo-Colo;2:1(0:0);Domingo Salcedo;Rodrigo Millar;Edson Puch;Charles Aránguiz;Felipe Seymour;Diego Rivarola;Gustavo Canales;;;;;;;;;;;;;;;;;;;;;;;;"Domingo Salcedo

                                    4. Tarjeta amarilla  , Falta";"Rodrigo Millar

                                    3. Tarjeta amarilla  , Falta";"Edson Puch

                                    6. Tarjeta amarilla  , Falta";Edson Puch;"Charles Aránguiz

                                    3. Tarjeta amarilla  , Falta";Charles Aránguiz;"Felipe Seymour

                                    6. Tarjeta amarilla  , Falta";Felipe Seymour;"Diego Rivarola

                                    2. Tarjeta amarilla  , Quitarse la camiseta";Diego Rivarola;"Gustavo Canales

                                    1. Tarjeta amarilla  , Protestar";Gustavo Canales;;;;;;;;;;;;;;;;;;;CSD Colo-Colo;CSD Colo-Colo;Universidad de Chile;Universidad de Chile;Universidad de Chile;Universidad de Chile;Universidad de Chile;;;;;;;;;;;;;;;;;;;;;;;
1777230730-39;https://www.transfermarkt.es/universidad-de-chile/bilanzdetail/verein/1037/plus/0?gegner_id=2433&saison_id=&wettbewerb_id=&day=&heim_gast=&punkte=&datum_von=&datum_bis=;https://www.transfermarkt.es/spielbericht/index/spielbericht/1161094;"14. Jornada                                                                             | dom, 30/10/11                            
                          |  21:00H";Torneo Clausura (-2017);Monumental David Arellano;40.365 Espectadores;Claudio Puga;CSD Colo-Colo;Universidad de Chile;2:2(1:1);Juan Castillo;Osvaldo González;Lucas Wilchez;Osmar Molinas;Patricio Jerez Díaz;Charles Aránguiz;José Rojas;Osvaldo González;Esteban Paredes;Mauro Olivi;Juan Castillo;Marcelo Díaz;Esteban Paredes;;;;;;;;;;;;;;;;;;"Juan Castillo

                                    Tarjeta amarilla  , Protestar";Juan Castillo;"Osvaldo González

                                    Tarjeta amarilla  , Comportamiento antideportivo";"Lucas Wilchez

                                    5. Tarjeta amarilla  , Falta";Lucas Wilchez;"Osmar Molinas

                                    2. Tarjeta amarilla  , Falta";Osmar Molinas;"Patricio Jerez Díaz

                                    2. Tarjeta amarilla  , Falta";Patricio Jerez Díaz;"Charles Aránguiz

                                    Tarjeta roja  , Conducta violenta";"José Rojas

                                    3. Tarjeta amarilla  , Falta";"Osvaldo González

                                    Segunda tarjeta amarilla  , Falta";"Esteban Paredes

                                    3. Tarjeta amarilla  , Precipitarse hacia las vallas";Esteban Paredes;"Mauro Olivi

                                    3. Tarjeta amarilla  , Falta";Mauro Olivi;"Juan Castillo

                                    Segunda tarjeta amarilla  , Protestar";Juan Castillo;"Marcelo Díaz

                                    1. Tarjeta amarilla  , Comportamiento antideportivo";"Esteban Paredes

                                    Tarjeta roja  , Insulto";Esteban Paredes;;;;;;;;;;CSD Colo-Colo;Universidad de Chile;CSD Colo-Colo;CSD Colo-Colo;CSD Colo-Colo;Universidad de Chile;Universidad de Chile;Universidad de Chile;CSD Colo-Colo;CSD Colo-Colo;CSD Colo-Colo;Universidad de Chile;CSD Colo-Colo;;;;;;;;;;;;;;;;;
1777230734-40;https://www.transfermarkt.es/universidad-de-chile/bilanzdetail/verein/1037/plus/0?gegner_id=2433&saison_id=&wettbewerb_id=&day=&heim_gast=&punkte=&datum_von=&datum_bis=;https://www.transfermarkt.es/spielbericht/index/spielbericht/2207966;"14. Jornada                                                                             | dom, 29/04/12                            
                          |  22:00H";Torneo Apertura (-2016);Nacional Julio Martínez Prádanos;37.513 Espectadores;Patricio Polic;Universidad de Chile;CSD Colo-Colo;5:0(1:0);Marcelo Díaz;Mauro Olivi;Lucas Wilchez;Christian Vilches;Gustavo Lorenzetti;Mauro Olivi;Francisco Prieto;José Rojas;Pablo Contreras;Mathías Vidangossy;Ángelo Henríquez;;;;;;;;;;;;;;;;;;;;"Marcelo Díaz

                                    3. Tarjeta amarilla  , Falta";Marcelo Díaz;"Mauro Olivi

                                    Tarjeta amarilla  , Falta";"Lucas Wilchez

                                    2. Tarjeta amarilla  , Falta";"Christian Vilches

                                    2. Tarjeta amarilla  , Falta";"Gustavo Lorenzetti

                                    1. Tarjeta amarilla  , Falta";Gustavo Lorenzetti;"Mauro Olivi

                                    Segunda tarjeta amarilla  , Falta";"Francisco Prieto

                                    1. Tarjeta amarilla  , Protestar";"José Rojas

                                    2. Tarjeta amarilla  , Falta";José Rojas;"Pablo Contreras

                                    6. Tarjeta amarilla  , Falta";"Mathías Vidangossy

                                    2. Tarjeta amarilla  , Falta";"Ángelo Henríquez

                                    1. Tarjeta amarilla  , Quitarse la camiseta";Ángelo Henríquez;;;;;;;;;;;;;;;;Universidad de Chile;CSD Colo-Colo;CSD Colo-Colo;CSD Colo-Colo;Universidad de Chile;CSD Colo-Colo;CSD Colo-Colo;Universidad de Chile;CSD Colo-Colo;CSD Colo-Colo;Universidad de Chile;;;;;;;;;;;;;;;;;;;
1777230737-41;https://www.transfermarkt.es/universidad-de-chile/bilanzdetail/verein/1037/plus/0?gegner_id=2433&saison_id=&wettbewerb_id=&day=&heim_gast=&punkte=&datum_von=&datum_bis=;https://www.transfermarkt.es/spielbericht/index/spielbericht/2281087;"Semifinal - Ida                                                                             | dom, 17/06/12                            
                          |  21:30H  |  Vuelta: 0:4";Play-offs Torneo Apertura;Monumental David Arellano;;Eduardo Gamboa;CSD Colo-Colo;Universidad de Chile;2:0(1:0);Pablo Contreras;Álvaro Ormeño;Álvaro Ormeño;Paulo Magalhães;Carlos Muñoz;Rafael Caroca;Esteban Paredes;Ángelo Henríquez;Emilio Hernández;;;;;;;;;;;;;;;;;;;;;;"Pablo Contreras

                                    1. Tarjeta amarilla";Pablo Contreras;"Álvaro Ormeño

                                    Tarjeta amarilla";Álvaro Ormeño;"Álvaro Ormeño

                                    Segunda tarjeta amarilla";Álvaro Ormeño;"Paulo Magalhães

                                    1. Tarjeta amarilla";"Carlos Muñoz

                                    2. Tarjeta amarilla";Carlos Muñoz;"Rafael Caroca

                                    1. Tarjeta amarilla";Rafael Caroca;"Esteban Paredes

                                    Tarjeta roja";Esteban Paredes;"Ángelo Henríquez

                                    1. Tarjeta amarilla";"Emilio Hernández

                                    1. Tarjeta amarilla";;;;;;;;;;;;;;;;CSD Colo-Colo;CSD Colo-Colo;CSD Colo-Colo;Universidad de Chile;CSD Colo-Colo;CSD Colo-Colo;CSD Colo-Colo;Universidad de Chile;Universidad de Chile;;;;;;;;;;;;;;;;;;;;;
1777230739-42;https://www.transfermarkt.es/universidad-de-chile/bilanzdetail/verein/1037/plus/0?gegner_id=2433&saison_id=&wettbewerb_id=&day=&heim_gast=&punkte=&datum_von=&datum_bis=;https://www.transfermarkt.es/spielbericht/index/spielbericht/2281089;"Semifinal - Vuelta                                                                             | dom, 24/06/12                            
                          |  21:30H  |  Ida: 0:2";Play-offs Torneo Apertura;Nacional Julio Martínez Prádanos;29.862 Espectadores;Enrique Osses;Universidad de Chile;CSD Colo-Colo;4:0(2:0);Horacio Cardozo;Matías Rodríguez;Pablo Contreras;Eugenio Mena;Roberto Gutiérrez;Gonzalo Fierro;Rodrigo Millar;Marcelo Díaz;Junior Fernandes;Mauro Olivi;Gonzalo Fierro;;;;;;;;;;;;;;;;;;;;"Horacio Cardozo

                                    1. Tarjeta amarilla  , Falta";"Matías Rodríguez

                                    1. Tarjeta amarilla  , Falta";Matías Rodríguez;"Pablo Contreras

                                    2. Tarjeta amarilla  , Falta";"Eugenio Mena

                                    1. Tarjeta amarilla  , Falta";Eugenio Mena;"Roberto Gutiérrez

                                    1. Tarjeta amarilla  , Falta";"Gonzalo Fierro

                                    Tarjeta amarilla  , Protestar";"Rodrigo Millar

                                    2. Tarjeta amarilla  , Falta";"Marcelo Díaz

                                    1. Tarjeta amarilla  , Falta";Marcelo Díaz;"Junior Fernandes

                                    1. Tarjeta amarilla  , Quitarse la camiseta";Junior Fernandes;"Mauro Olivi

                                    Tarjeta roja  , Falta tremenda";"Gonzalo Fierro

                                    Segunda tarjeta amarilla  , Falta";;;;;;;;;;;;;;;;CSD Colo-Colo;Universidad de Chile;CSD Colo-Colo;Universidad de Chile;CSD Colo-Colo;CSD Colo-Colo;CSD Colo-Colo;Universidad de Chile;Universidad de Chile;CSD Colo-Colo;CSD Colo-Colo;;;;;;;;;;;;;;;;;;;
1777230742-43;https://www.transfermarkt.es/universidad-de-chile/bilanzdetail/verein/1037/plus/0?gegner_id=2433&saison_id=&wettbewerb_id=&day=&heim_gast=&punkte=&datum_von=&datum_bis=;https://www.transfermarkt.es/spielbericht/index/spielbericht/2257163;"14. Jornada                                                                             | dom, 21/10/12                            
                          |  21:00H";Torneo Clausura (-2017);Monumental David Arellano;38.764 Espectadores;Patricio Polic;CSD Colo-Colo;Universidad de Chile;1:0(0:0);Eugenio Mena;Álvaro Ormeño;Eugenio Mena;José Rojas;Johnny Herrera;Felipe Flores;Carlos Muñoz;Francisco Prieto;Rafael Caroca;Carlos Muñoz;Francisco Prieto;Johnny Herrera;;;;;;;;;;;;;;;;;;;"Eugenio Mena

                                    Tarjeta amarilla";"Álvaro Ormeño

                                    2. Tarjeta amarilla";Álvaro Ormeño;"Eugenio Mena

                                    Segunda tarjeta amarilla  , Falta";"José Rojas

                                    2. Tarjeta amarilla";"Johnny Herrera

                                    1. Tarjeta amarilla";"Felipe Flores

                                    5. Tarjeta amarilla";Felipe Flores;"Carlos Muñoz

                                    Tarjeta amarilla  , Falta";Carlos Muñoz;"Francisco Prieto

                                    3. Tarjeta amarilla";Francisco Prieto;"Rafael Caroca

                                    1. Tarjeta amarilla";Rafael Caroca;"Carlos Muñoz

                                    Segunda tarjeta amarilla";Carlos Muñoz;"Francisco Prieto

                                    Tarjeta roja  , Comportamiento antideportivo";Francisco Prieto;"Johnny Herrera

                                    Tarjeta roja  , Conducta violenta";;;;;;;;;;;;Universidad de Chile;CSD Colo-Colo;Universidad de Chile;Universidad de Chile;Universidad de Chile;CSD Colo-Colo;CSD Colo-Colo;CSD Colo-Colo;CSD Colo-Colo;CSD Colo-Colo;CSD Colo-Colo;Universidad de Chile;;;;;;;;;;;;;;;;;;
1777230745-44;https://www.transfermarkt.es/universidad-de-chile/bilanzdetail/verein/1037/plus/0?gegner_id=2433&saison_id=&wettbewerb_id=&day=&heim_gast=&punkte=&datum_von=&datum_bis=;https://www.transfermarkt.es/spielbericht/index/spielbericht/2315327;"14. Jornada                                                                             | dom, 05/05/13                            
                          |  18:00H";Torneo Transición (-2017);Nacional Julio Martínez Prádanos;41.525 Espectadores;Julio Bascuñán;Universidad de Chile;CSD Colo-Colo;3:2(1:2);Christian Vilches;Gonzalo Fierro;Igor Lichnovsky;Juan Domínguez;Charles Aránguiz;Emiliano Vecchio;Claudio Baeza;Luis Mena;Emilio Hernández;Juan Ignacio Duma;Fernando de la Fuente;Carlos Muñoz;;;;;;;;;;;;;;;;;;;"Christian Vilches

                                    4. Tarjeta amarilla  , Falta";"Gonzalo Fierro

                                    3. Tarjeta amarilla  , Falta";"Igor Lichnovsky

                                    2. Tarjeta amarilla  , Derribar a un adversario en una ocasión manifiesta";Igor Lichnovsky;"Juan Domínguez

                                    5. Tarjeta amarilla  , Falta";"Charles Aránguiz

                                    6. Tarjeta amarilla  , Encararse con adversarios";Charles Aránguiz;"Emiliano Vecchio

                                    5. Tarjeta amarilla  , Encararse con adversarios";"Claudio Baeza

                                    3. Tarjeta amarilla  , Falta";"Luis Mena

                                    Tarjeta roja  , Falta tremenda";"Emilio Hernández

                                    2. Tarjeta amarilla  , Falta";"Juan Ignacio Duma

                                    1. Tarjeta amarilla  , Falta";Juan Ignacio Duma;"Fernando de la Fuente

                                    4. Tarjeta amarilla  , Falta";"Carlos Muñoz

                                    Tarjeta roja  , Conducta violenta";;;;;;;;;;;;;;;;CSD Colo-Colo;CSD Colo-Colo;Universidad de Chile;CSD Colo-Colo;Universidad de Chile;CSD Colo-Colo;CSD Colo-Colo;CSD Colo-Colo;CSD Colo-Colo;Universidad de Chile;CSD Colo-Colo;CSD Colo-Colo;;;;;;;;;;;;;;;;;;
1777230748-45;https://www.transfermarkt.es/universidad-de-chile/bilanzdetail/verein/1037/plus/0?gegner_id=2433&saison_id=&wettbewerb_id=&day=&heim_gast=&punkte=&datum_von=&datum_bis=;https://www.transfermarkt.es/spielbericht/index/spielbericht/2448741;"14. Jornada                                                                             | dom, 10/11/13                            
                          |  16:00H";Torneo Apertura (-2016);Monumental David Arellano;30.534 Espectadores;Jorge Osorio;CSD Colo-Colo;Universidad de Chile;3:2(1:1);Juan Delgado;Sebastián Martínez;Gustavo Lorenzetti;Felipe Flores;;;;;;;;;;;;;;;;;;;;;;;;;;;"Juan Delgado

                                    1. Tarjeta amarilla  , Quitarse la camiseta";Juan Delgado;"Sebastián Martínez

                                    2. Tarjeta amarilla  , Falta";"Gustavo Lorenzetti

                                    1. Tarjeta amarilla  , Falta";"Felipe Flores

                                    3. Tarjeta amarilla  , Quitarse la camiseta";Felipe Flores;;;;;;;;;;;;;;;;;;;;;;;;;CSD Colo-Colo;Universidad de Chile;Universidad de Chile;CSD Colo-Colo;;;;;;;;;;;;;;;;;;;;;;;;;;
1777230751-46;https://www.transfermarkt.es/universidad-de-chile/bilanzdetail/verein/1037/plus/0?gegner_id=2433&saison_id=&wettbewerb_id=&day=&heim_gast=&punkte=&datum_von=&datum_bis=;https://www.transfermarkt.es/spielbericht/index/spielbericht/2448270;"14. Jornada                                                                             | dom, 06/04/14                            
                          |  20:30H";Torneo Clausura (-2017);Nacional Julio Martínez Prádanos;25.689 Espectadores;Eduardo Gamboa;Universidad de Chile;CSD Colo-Colo;0:1(0:1);Isaac Díaz;Claudio Baeza;Jaime Valdés;Gonzalo Fierro;Patricio Rubio;Ramón Fernández;Claudio Baeza;Ramón Fernández;;;;;;;;;;;;;;;;;;;;;;;"Isaac Díaz

                                    4. Tarjeta amarilla  , Falta";Isaac Díaz;"Claudio Baeza

                                    Tarjeta amarilla  , Falta";"Jaime Valdés

                                    4. Tarjeta amarilla  , Falta";"Gonzalo Fierro

                                    4. Tarjeta amarilla  , Falta";"Patricio Rubio

                                    3. Tarjeta amarilla  , Simular ser objeto de falta";Patricio Rubio;"Ramón Fernández

                                    1. Tarjeta amarilla  , Protestar";Ramón Fernández;"Claudio Baeza

                                    Segunda tarjeta amarilla  , Falta";"Ramón Fernández

                                    Tarjeta roja  , Falta tremenda";Ramón Fernández;;;;;;;;;;;;;;;;;;;Universidad de Chile;CSD Colo-Colo;CSD Colo-Colo;CSD Colo-Colo;Universidad de Chile;Universidad de Chile;CSD Colo-Colo;Universidad de Chile;;;;;;;;;;;;;;;;;;;;;;
1777230754-47;https://www.transfermarkt.es/universidad-de-chile/bilanzdetail/verein/1037/plus/0?gegner_id=2433&saison_id=&wettbewerb_id=&day=&heim_gast=&punkte=&datum_von=&datum_bis=;https://www.transfermarkt.es/spielbericht/index/spielbericht/2505721;"11. Jornada                                                                             | dom, 19/10/14                            
                          |  17:00H";Torneo Apertura (-2016);Monumental David Arellano;38.558 Espectadores;Jorge Osorio;CSD Colo-Colo;Universidad de Chile;2:0(0:0);Jaime Valdés;Patricio Rubio;Gonzalo Fierro;Christian Vilches;Sebastián Martínez;José Rojas;José Rojas;Osvaldo González;Johnny Herrera;Felipe Flores;Juan Delgado;;;;;;;;;;;;;;;;;;;;"Jaime Valdés

                                    1. Tarjeta amarilla";Jaime Valdés;"Patricio Rubio

                                    2. Tarjeta amarilla";"Gonzalo Fierro

                                    3. Tarjeta amarilla";Gonzalo Fierro;"Christian Vilches

                                    2. Tarjeta amarilla";Christian Vilches;"Sebastián Martínez

                                    3. Tarjeta amarilla";"José Rojas

                                    Tarjeta amarilla";"José Rojas

                                    Segunda tarjeta amarilla";"Osvaldo González

                                    Tarjeta roja";"Johnny Herrera

                                    1. Tarjeta amarilla";"Felipe Flores

                                    3. Tarjeta amarilla";Felipe Flores;"Juan Delgado

                                    2. Tarjeta amarilla";Juan Delgado;;;;;;;;;;;;;;;CSD Colo-Colo;Universidad de Chile;CSD Colo-Colo;CSD Colo-Colo;Universidad de Chile;Universidad de Chile;Universidad de Chile;Universidad de Chile;Universidad de Chile;CSD Colo-Colo;CSD Colo-Colo;;;;;;;;;;;;;;;;;;;
1777230757-48;https://www.transfermarkt.es/universidad-de-chile/bilanzdetail/verein/1037/plus/0?gegner_id=2433&saison_id=&wettbewerb_id=&day=&heim_gast=&punkte=&datum_von=&datum_bis=;https://www.transfermarkt.es/spielbericht/index/spielbericht/2546821;"11. Jornada                                                                             | sáb, 14/03/15                            
                          |  20:00H";Torneo Clausura (-2017);Nacional Julio Martínez Prádanos;25.832 Espectadores;Eduardo Gamboa;Universidad de Chile;CSD Colo-Colo;1:2(1:0);Benjamín Vidal;Esteban Pavez;Mathías Corujo;Juan Delgado;Esteban Paredes;;;;;;;;;;;;;;;;;;;;;;;;;;"Benjamín Vidal

                                    4. Tarjeta amarilla";Benjamín Vidal;"Esteban Pavez

                                    3. Tarjeta amarilla";"Mathías Corujo

                                    5. Tarjeta amarilla";Mathías Corujo;"Juan Delgado

                                    2. Tarjeta amarilla";"Esteban Paredes

                                    3. Tarjeta amarilla";;;;;;;;;;;;;;;;;;;;;;;;Universidad de Chile;CSD Colo-Colo;Universidad de Chile;CSD Colo-Colo;CSD Colo-Colo;;;;;;;;;;;;;;;;;;;;;;;;;
1777230760-49;https://www.transfermarkt.es/universidad-de-chile/bilanzdetail/verein/1037/plus/0?gegner_id=2433&saison_id=&wettbewerb_id=&day=&heim_gast=&punkte=&datum_von=&datum_bis=;https://www.transfermarkt.es/spielbericht/index/spielbericht/2639881;"11. Jornada                                                                             | sáb, 31/10/15                            
                          |  16:00H";Torneo Apertura (-2016);Monumental David Arellano;34.300 Espectadores;Eduardo Gamboa;CSD Colo-Colo;Universidad de Chile;2:0(1:0);Claudio Baeza;Osvaldo González;Leonardo Cáceres;Jaime Valdés;;;;;;;;;;;;;;;;;;;;;;;;;;;"Claudio Baeza

                                    1. Tarjeta amarilla  , Falta";Claudio Baeza;"Osvaldo González

                                    2. Tarjeta amarilla  , Falta";"Leonardo Cáceres

                                    1. Tarjeta amarilla  , Falta";Leonardo Cáceres;"Jaime Valdés

                                    Tarjeta roja  , Comportamiento antideportivo";Jaime Valdés;;;;;;;;;;;;;;;;;;;;;;;;CSD Colo-Colo;Universidad de Chile;CSD Colo-Colo;CSD Colo-Colo;;;;;;;;;;;;;;;;;;;;;;;;;;
1777230764-50;https://www.transfermarkt.es/universidad-de-chile/bilanzdetail/verein/1037/plus/0?gegner_id=2433&saison_id=&wettbewerb_id=&day=&heim_gast=&punkte=&datum_von=&datum_bis=;https://www.transfermarkt.es/spielbericht/index/spielbericht/4043400;"Final                                                                            | mié, 02/12/15                            
                          |  23:00H";Copa Chile;La Portada;11.222 Espectadores;Julio Bascuñán;Universidad de Chile;CSD Colo-Colo;5:3pen.;Paulo Magalhães;Julio Barroso;Esteban Paredes;Leonardo Cáceres;Gonzalo Espinoza;;;;;;;;;;;;;;;;;;;;;;;;;;"Paulo Magalhães

                                    1. Tarjeta amarilla";Paulo Magalhães;"Julio Barroso

                                    1. Tarjeta amarilla";"Esteban Paredes

                                    1. Tarjeta amarilla";"Leonardo Cáceres

                                    1. Tarjeta amarilla";"Gonzalo Espinoza

                                    4. Tarjeta amarilla";Gonzalo Espinoza;;;;;;;;;;;;;;;;;;;;;;;;Universidad de Chile;CSD Colo-Colo;CSD Colo-Colo;CSD Colo-Colo;Universidad de Chile;;;;;;;;;;;;;;;;;;;;;;;;;
1777230768-51;https://www.transfermarkt.es/universidad-de-chile/bilanzdetail/verein/1037/plus/0?gegner_id=2433&saison_id=&wettbewerb_id=&day=&heim_gast=&punkte=&datum_von=&datum_bis=;https://www.transfermarkt.es/spielbericht/index/spielbericht/2669297;"11. Jornada                                                                             | dom, 20/03/16                            
                          |  16:30H";Torneo Clausura (-2017);Nacional Julio Martínez Prádanos;31.023 Espectadores;Julio Bascuñán;Universidad de Chile;CSD Colo-Colo;0:0(0:0);Jean Beausejour;Matías Rodríguez;Osvaldo González;Javier Reina;Juan Delgado;Gonzalo Jara;Jean Beausejour;Gonzalo Espinoza;Gabriel Suazo;;;;;;;;;;;;;;;;;;;;;;"Jean Beausejour

                                    Tarjeta amarilla";"Matías Rodríguez

                                    3. Tarjeta amarilla";Matías Rodríguez;"Osvaldo González

                                    2. Tarjeta amarilla";Osvaldo González;"Javier Reina

                                    2. Tarjeta amarilla";"Juan Delgado

                                    3. Tarjeta amarilla";"Gonzalo Jara

                                    2. Tarjeta amarilla";Gonzalo Jara;"Jean Beausejour

                                    Segunda tarjeta amarilla  , Conducta violenta";"Gonzalo Espinoza

                                    4. Tarjeta amarilla";Gonzalo Espinoza;"Gabriel Suazo

                                    1. Tarjeta amarilla";;;;;;;;;;;;;;;;;;CSD Colo-Colo;Universidad de Chile;Universidad de Chile;CSD Colo-Colo;CSD Colo-Colo;Universidad de Chile;CSD Colo-Colo;Universidad de Chile;CSD Colo-Colo;;;;;;;;;;;;;;;;;;;;;
1777230770-52;https://www.transfermarkt.es/universidad-de-chile/bilanzdetail/verein/1037/plus/0?gegner_id=2433&saison_id=&wettbewerb_id=&day=&heim_gast=&punkte=&datum_von=&datum_bis=;https://www.transfermarkt.es/spielbericht/index/spielbericht/2732435;"8. Jornada                                                                             | dom, 02/10/16                            
                          |  17:00H";Torneo Apertura (-2016);Monumental David Arellano;39.612 Espectadores;Julio Bascuñán;CSD Colo-Colo;Universidad de Chile;2:0(1:0);Sebastián Martínez;Fabián Monzón;Mario Briceño;Gustavo Lorenzetti;Ramón Fernández;Claudio Baeza;Esteban Pavez;;;;;;;;;;;;;;;;;;;;;;;;"Sebastián Martínez

                                    3. Tarjeta amarilla  , Falta";"Fabián Monzón

                                    1. Tarjeta amarilla  , Falta";"Mario Briceño

                                    2. Tarjeta amarilla  , Falta";"Gustavo Lorenzetti

                                    2. Tarjeta amarilla  , Falta";"Ramón Fernández

                                    5. Tarjeta amarilla  , Falta";Ramón Fernández;"Claudio Baeza

                                    1. Tarjeta amarilla  , Falta";Claudio Baeza;"Esteban Pavez

                                    3. Tarjeta amarilla  , Falta";Esteban Pavez;;;;;;;;;;;;;;;;;;;;;Universidad de Chile;Universidad de Chile;Universidad de Chile;Universidad de Chile;CSD Colo-Colo;CSD Colo-Colo;CSD Colo-Colo;;;;;;;;;;;;;;;;;;;;;;;
1777230773-53;https://www.transfermarkt.es/universidad-de-chile/bilanzdetail/verein/1037/plus/0?gegner_id=2433&saison_id=&wettbewerb_id=&day=&heim_gast=&punkte=&datum_von=&datum_bis=;https://www.transfermarkt.es/spielbericht/index/spielbericht/2829635;"9. Jornada                                                                             | sáb, 08/04/17                            
                          |  17:00H";Torneo Clausura (-2017);Nacional Julio Martínez Prádanos;43.278 Espectadores;Roberto Tobar;Universidad de Chile;CSD Colo-Colo;2:2(1:1);Esteban Paredes;Lucas Ontivero;Jaime Valdés;Claudio Baeza;Leandro Benegas;Iván Rozas;Matías Rodríguez;Gabriel Suazo;Esteban Pavez;;;;;;;;;;;;;;;;;;;;;;"Esteban Paredes

                                    2. Tarjeta amarilla  , Falta";"Lucas Ontivero

                                    2. Tarjeta amarilla  , Falta";Lucas Ontivero;"Jaime Valdés

                                    2. Tarjeta amarilla  , Falta";"Claudio Baeza

                                    4. Tarjeta amarilla  , Falta";"Leandro Benegas

                                    3. Tarjeta amarilla  , Falta";Leandro Benegas;"Iván Rozas

                                    1. Tarjeta amarilla  , Falta";Iván Rozas;"Matías Rodríguez

                                    4. Tarjeta amarilla  , Falta";Matías Rodríguez;"Gabriel Suazo

                                    2. Tarjeta amarilla  , Falta";"Esteban Pavez

                                    1. Tarjeta amarilla  , Falta";;;;;;;;;;;;;;;;;;CSD Colo-Colo;Universidad de Chile;CSD Colo-Colo;CSD Colo-Colo;Universidad de Chile;Universidad de Chile;Universidad de Chile;CSD Colo-Colo;CSD Colo-Colo;;;;;;;;;;;;;;;;;;;;;
1777230775-54;https://www.transfermarkt.es/universidad-de-chile/bilanzdetail/verein/1037/plus/0?gegner_id=2433&saison_id=&wettbewerb_id=&day=&heim_gast=&punkte=&datum_von=&datum_bis=;https://www.transfermarkt.es/spielbericht/index/spielbericht/2874060;"5. Jornada                                                                             | dom, 27/08/17                            
                          |  17:00H";Torneo Transición (-2017);Monumental David Arellano;40.020 Espectadores;Roberto Tobar;CSD Colo-Colo;Universidad de Chile;4:1(2:1);Nicolás Orellana;Claudio Baeza;Matías Rodríguez;David Pizarro;Jorge Valdivia;Lorenzo Reyes;Octavio Rivero;Mauricio Pinilla;Gustavo Lorenzetti;;;;;;;;;;;;;;;;;;;;;;"Nicolás Orellana

                                    1. Tarjeta amarilla  , Falta";Nicolás Orellana;"Claudio Baeza

                                    3. Tarjeta amarilla  , Falta";Claudio Baeza;"Matías Rodríguez

                                    2. Tarjeta amarilla  , Falta";"David Pizarro

                                    1. Tarjeta amarilla  , Encararse con adversarios";"Jorge Valdivia

                                    4. Tarjeta amarilla  , Encararse con adversarios";Jorge Valdivia;"Lorenzo Reyes

                                    2. Tarjeta amarilla  , Falta";"Octavio Rivero

                                    2. Tarjeta amarilla  , Falta";Octavio Rivero;"Mauricio Pinilla

                                    2. Tarjeta amarilla  , Falta";"Gustavo Lorenzetti

                                    1. Tarjeta amarilla  , Falta";;;;;;;;;;;;;;;;;;CSD Colo-Colo;CSD Colo-Colo;Universidad de Chile;Universidad de Chile;CSD Colo-Colo;Universidad de Chile;CSD Colo-Colo;Universidad de Chile;Universidad de Chile;;;;;;;;;;;;;;;;;;;;;
1777230778-55;https://www.transfermarkt.es/universidad-de-chile/bilanzdetail/verein/1037/plus/0?gegner_id=2433&saison_id=&wettbewerb_id=&day=&heim_gast=&punkte=&datum_von=&datum_bis=;https://www.transfermarkt.es/spielbericht/index/spielbericht/3028645;"9. Jornada                                                                             | dom, 15/04/18                            
                          |  17:00H";Primera División de Chile;Nacional Julio Martínez Prádanos;43.906 Espectadores;Roberto Tobar;Universidad de Chile;CSD Colo-Colo;1:3(1:1);Claudio Baeza;Jean Beausejour;Matías Zaldivia;Mauricio Pinilla;Carlos Carmona;Matías Rodríguez;Juan Manuel Insaurralde;Felipe Campos;Jean Beausejour;Octavio Rivero;César Pinares;Lorenzo Reyes;Óscar Opazo;;;;;;;;;;;;;;;;;;"Claudio Baeza

                                    5. Tarjeta amarilla  , Falta";"Jean Beausejour

                                    3. Tarjeta amarilla  , Falta";Jean Beausejour;"Matías Zaldivia

                                    3. Tarjeta amarilla  , Falta";"Mauricio Pinilla

                                    3. Tarjeta amarilla  , Falta";Mauricio Pinilla;"Carlos Carmona

                                    3. Tarjeta amarilla  , Falta";"Matías Rodríguez

                                    3. Tarjeta amarilla  , Falta";Matías Rodríguez;"Juan Manuel Insaurralde

                                    3. Tarjeta amarilla  , Falta";"Felipe Campos

                                    2. Tarjeta amarilla  , Falta";"Jean Beausejour

                                    Tarjeta roja  , Conducta violenta";Jean Beausejour;"Octavio Rivero

                                    2. Tarjeta amarilla  , Falta";"César Pinares

                                    2. Tarjeta amarilla  , Falta";"Lorenzo Reyes

                                    Tarjeta roja  , Falta tremenda";Lorenzo Reyes;"Óscar Opazo

                                    Tarjeta roja  , Encararse con adversarios";;;;;;;;;;;;;CSD Colo-Colo;Universidad de Chile;CSD Colo-Colo;Universidad de Chile;CSD Colo-Colo;Universidad de Chile;CSD Colo-Colo;CSD Colo-Colo;Universidad de Chile;CSD Colo-Colo;CSD Colo-Colo;Universidad de Chile;CSD Colo-Colo;;;;;;;;;;;;;;;;;
1777230781-56;https://www.transfermarkt.es/universidad-de-chile/bilanzdetail/verein/1037/plus/0?gegner_id=2433&saison_id=&wettbewerb_id=&day=&heim_gast=&punkte=&datum_von=&datum_bis=;https://www.transfermarkt.es/spielbericht/index/spielbericht/3095467;"21. Jornada                                                                             | sáb, 25/08/18                            
                          |  17:00H";Primera División de Chile;Monumental David Arellano;35.778 Espectadores;Julio Bascuñán;CSD Colo-Colo;Universidad de Chile;1:0(0:0);Damián Pérez;Felipe Seymour;Carlos Carmona;Matías Rodríguez;Juan Manuel Insaurralde;Matías Zaldivia;Rodrigo Echeverría;David Pizarro;Sebastián Ubilla;Óscar Opazo;;;;;;;;;;;;;;;;;;;;;"Damián Pérez

                                    1. Tarjeta amarilla  , Falta tremenda";Damián Pérez;"Felipe Seymour

                                    3. Tarjeta amarilla  , Falta";"Carlos Carmona

                                    8. Tarjeta amarilla  , Falta";Carlos Carmona;"Matías Rodríguez

                                    5. Tarjeta amarilla  , Falta";"Juan Manuel Insaurralde

                                    8. Tarjeta amarilla  , Falta";Juan Manuel Insaurralde;"Matías Zaldivia

                                    6. Tarjeta amarilla  , Falta";Matías Zaldivia;"Rodrigo Echeverría

                                    2. Tarjeta amarilla  , Falta";"David Pizarro

                                    5. Tarjeta amarilla  , Protestar";"Sebastián Ubilla

                                    Tarjeta roja  , Encararse con adversarios";"Óscar Opazo

                                    2. Tarjeta amarilla  , Encararse con adversarios";Óscar Opazo;;;;;;;;;;;;;;;;CSD Colo-Colo;Universidad de Chile;CSD Colo-Colo;Universidad de Chile;CSD Colo-Colo;CSD Colo-Colo;Universidad de Chile;Universidad de Chile;Universidad de Chile;CSD Colo-Colo;;;;;;;;;;;;;;;;;;;;
1777230784-57;https://www.transfermarkt.es/universidad-de-chile/bilanzdetail/verein/1037/plus/0?gegner_id=2433&saison_id=&wettbewerb_id=&day=&heim_gast=&punkte=&datum_von=&datum_bis=;https://www.transfermarkt.es/spielbericht/index/spielbericht/3184361;"13. Jornada                                                                             | sáb, 18/05/19                            
                          |  18:00H";Primera División de Chile;Nacional Julio Martínez Prádanos;27.004 Espectadores;Eduardo Gamboa;Universidad de Chile;CSD Colo-Colo;1:1(1:0);Nicolás Oroz;Esteban Paredes;Pablo Mouche;Gabriel Suazo;Ángelo Henríquez;Juan Manuel Insaurralde;Iván Morales;Matías Rodríguez;;;;;;;;;;;;;;;;;;;;;;;"Nicolás Oroz

                                    1. Tarjeta amarilla  , Falta";Nicolás Oroz;"Esteban Paredes

                                    1. Tarjeta amarilla  , Protestar";"Pablo Mouche

                                    3. Tarjeta amarilla  , Quitarse la camiseta";"Gabriel Suazo

                                    2. Tarjeta amarilla  , Falta";"Ángelo Henríquez

                                    Tarjeta roja  , Conducta violenta";Ángelo Henríquez;"Juan Manuel Insaurralde

                                    3. Tarjeta amarilla  , Falta";"Iván Morales

                                    2. Tarjeta amarilla  , Comportamiento antideportivo";"Matías Rodríguez

                                    3. Tarjeta amarilla  , Falta";Matías Rodríguez;;;;;;;;;;;;;;;;;;;;Universidad de Chile;CSD Colo-Colo;CSD Colo-Colo;CSD Colo-Colo;Universidad de Chile;CSD Colo-Colo;CSD Colo-Colo;Universidad de Chile;;;;;;;;;;;;;;;;;;;;;;
1777230787-58;https://www.transfermarkt.es/universidad-de-chile/bilanzdetail/verein/1037/plus/0?gegner_id=2433&saison_id=&wettbewerb_id=&day=&heim_gast=&punkte=&datum_von=&datum_bis=;https://www.transfermarkt.es/spielbericht/index/spielbericht/3265814;"23. Jornada                                                                             | sáb, 05/10/19                            
                          |  20:00H";Primera División de Chile;Monumental David Arellano;38.497 Espectadores;Roberto Tobar;CSD Colo-Colo;Universidad de Chile;3:2(0:1);Iván Rossi;Branco Provoste;Camilo Moya;Nicolás Oroz;Gonzalo Espinoza;Leandro Benegas;Camilo Moya;;;;;;;;;;;;;;;;;;;;;;;;"Iván Rossi

                                    4. Tarjeta amarilla  , Falta";Iván Rossi;"Branco Provoste

                                    2. Tarjeta amarilla  , Falta";Branco Provoste;"Camilo Moya

                                    Tarjeta amarilla  , Falta";"Nicolás Oroz

                                    2. Tarjeta amarilla  , Falta";"Gonzalo Espinoza

                                    3. Tarjeta amarilla  , Falta";"Leandro Benegas

                                    5. Tarjeta amarilla  , Falta";"Camilo Moya

                                    Segunda tarjeta amarilla  , Falta";;;;;;;;;;;;;;;;;;;;;;CSD Colo-Colo;CSD Colo-Colo;Universidad de Chile;Universidad de Chile;Universidad de Chile;Universidad de Chile;Universidad de Chile;;;;;;;;;;;;;;;;;;;;;;;
1777230789-59;https://www.transfermarkt.es/universidad-de-chile/bilanzdetail/verein/1037/plus/0?gegner_id=2433&saison_id=&wettbewerb_id=&day=&heim_gast=&punkte=&datum_von=&datum_bis=;https://www.transfermarkt.es/spielbericht/index/spielbericht/4043219;"Final                                                                            | mié, 22/01/20                            
                          |  22:30H";Copa Chile;Germán Becker;12.259 Espectadores;Julio Bascuñán;Universidad de Chile;CSD Colo-Colo;1:2(0:2);Fernando Cornejo;Jean Beausejour;Marcos Bolados;Ángelo Henríquez;Carlos Carmona;Matías Rodríguez;;;;;;;;;;;;;;;;;;;;;;;;;"Fernando Cornejo

                                    1. Tarjeta amarilla";Fernando Cornejo;"Jean Beausejour

                                    2. Tarjeta amarilla";Jean Beausejour;"Marcos Bolados

                                    2. Tarjeta amarilla";"Ángelo Henríquez

                                    2. Tarjeta amarilla";Ángelo Henríquez;"Carlos Carmona

                                    3. Tarjeta amarilla";"Matías Rodríguez

                                    3. Tarjeta amarilla";Matías Rodríguez;;;;;;;;;;;;;;;;;;;;;Universidad de Chile;Universidad de Chile;CSD Colo-Colo;Universidad de Chile;CSD Colo-Colo;Universidad de Chile;;;;;;;;;;;;;;;;;;;;;;;;
1777230792-60;https://www.transfermarkt.es/universidad-de-chile/bilanzdetail/verein/1037/plus/0?gegner_id=2433&saison_id=&wettbewerb_id=&day=&heim_gast=&punkte=&datum_von=&datum_bis=;https://www.transfermarkt.es/spielbericht/index/spielbericht/3459036;"9. Jornada                                                                             | dom, 06/09/20                            
                          |  21:00H";Primera División de Chile;Nacional Julio Martínez Prádanos;;Julio Bascuñán;Universidad de Chile;CSD Colo-Colo;1:1(0:1);Diego Carrasco;Gabriel Suazo;Pablo Mouche;Joaquín Larrivey;Jean Beausejour;Nicolás Blandi;Pablo Aránguiz;;;;;;;;;;;;;;;;;;;;;;;;"Diego Carrasco

                                    1. Tarjeta amarilla  , Falta";Diego Carrasco;"Gabriel Suazo

                                    1. Tarjeta amarilla  , Falta";"Pablo Mouche

                                    2. Tarjeta amarilla  , Falta";"Joaquín Larrivey

                                    1. Tarjeta amarilla  , Falta";Joaquín Larrivey;"Jean Beausejour

                                    2. Tarjeta amarilla  , Falta";Jean Beausejour;"Nicolás Blandi

                                    1. Tarjeta amarilla  , Falta";"Pablo Aránguiz

                                    3. Tarjeta amarilla  , Falta";Pablo Aránguiz;;;;;;;;;;;;;;;;;;;;Universidad de Chile;CSD Colo-Colo;CSD Colo-Colo;Universidad de Chile;Universidad de Chile;CSD Colo-Colo;Universidad de Chile;;;;;;;;;;;;;;;;;;;;;;;
1777230795-61;https://www.transfermarkt.es/universidad-de-chile/bilanzdetail/verein/1037/plus/0?gegner_id=2433&saison_id=&wettbewerb_id=&day=&heim_gast=&punkte=&datum_von=&datum_bis=;https://www.transfermarkt.es/spielbericht/index/spielbericht/3499325;"31. Jornada                                                                             | dom, 17/01/21                            
                          |  22:00H";Primera División de Chile;Monumental David Arellano;;Roberto Tobar;CSD Colo-Colo;Universidad de Chile;0:0(0:0);Gabriel Suazo;Iván Morales;Luis Mago;Osvaldo González;Jean Beausejour;;;;;;;;;;;;;;;;;;;;;;;;;;"Gabriel Suazo

                                    7. Tarjeta amarilla  , Falta";Gabriel Suazo;"Iván Morales

                                    1. Tarjeta amarilla  , Falta";Iván Morales;"Luis Mago

                                    5. Tarjeta amarilla  , Falta";"Osvaldo González

                                    2. Tarjeta amarilla  , Falta";"Jean Beausejour

                                    7. Tarjeta amarilla  , Falta";;;;;;;;;;;;;;;;;;;;;;;;CSD Colo-Colo;CSD Colo-Colo;Universidad de Chile;Universidad de Chile;Universidad de Chile;;;;;;;;;;;;;;;;;;;;;;;;;
1777230798-62;https://www.transfermarkt.es/universidad-de-chile/bilanzdetail/verein/1037/plus/0?gegner_id=2433&saison_id=&wettbewerb_id=&day=&heim_gast=&punkte=&datum_von=&datum_bis=;https://www.transfermarkt.es/spielbericht/index/spielbericht/3538270;"5. Jornada                                                                             | dom, 25/04/21                            
                          |  22:00H";Primera División de Chile;Monumental David Arellano;;Julio Bascuñán;CSD Colo-Colo;Universidad de Chile;1:0(0:0);Daniel Gutiérrez;Ramón Arias;Camilo Moya;Yonathan Andía;Leonardo Gil;Diego Carrasco;Gabriel Suazo;;;;;;;;;;;;;;;;;;;;;;;;"Daniel Gutiérrez

                                    1. Tarjeta amarilla  , Falta";Daniel Gutiérrez;"Ramón Arias

                                    2. Tarjeta amarilla  , Falta";"Camilo Moya

                                    1. Tarjeta amarilla  , Falta";"Yonathan Andía

                                    1. Tarjeta amarilla  , Falta";"Leonardo Gil

                                    2. Tarjeta amarilla  , Quitarse la camiseta";Leonardo Gil;"Diego Carrasco

                                    2. Tarjeta amarilla  , Falta";"Gabriel Suazo

                                    Tarjeta roja  , Conducta violenta";Gabriel Suazo;;;;;;;;;;;;;;;;;;;;;CSD Colo-Colo;Universidad de Chile;Universidad de Chile;Universidad de Chile;CSD Colo-Colo;Universidad de Chile;CSD Colo-Colo;;;;;;;;;;;;;;;;;;;;;;;
1777230800-63;https://www.transfermarkt.es/universidad-de-chile/bilanzdetail/verein/1037/plus/0?gegner_id=2433&saison_id=&wettbewerb_id=&day=&heim_gast=&punkte=&datum_von=&datum_bis=;https://www.transfermarkt.es/spielbericht/index/spielbericht/3659856;"22. Jornada                                                                             | dom, 26/09/21                            
                          |  21:30H";Primera División de Chile;El Teniente;2.035 Espectadores;Roberto Tobar;Universidad de Chile;CSD Colo-Colo;1:3(0:2);Brayan Cortés;Gabriel Costa;Camilo Moya;Óscar Opazo;Mario Sandoval;Emiliano Amor;;;;;;;;;;;;;;;;;;;;;;;;;"Brayan Cortés

                                    3. Tarjeta amarilla";"Gabriel Costa

                                    4. Tarjeta amarilla  , Simular ser objeto de falta";"Camilo Moya

                                    5. Tarjeta amarilla";Camilo Moya;"Óscar Opazo

                                    1. Tarjeta amarilla";"Mario Sandoval

                                    Tarjeta roja  , Conducta violenta";Mario Sandoval;"Emiliano Amor

                                    5. Tarjeta amarilla  , Falta";;;;;;;;;;;;;;;;;;;;;;;CSD Colo-Colo;CSD Colo-Colo;Universidad de Chile;CSD Colo-Colo;Universidad de Chile;CSD Colo-Colo;;;;;;;;;;;;;;;;;;;;;;;;
1777230803-64;https://www.transfermarkt.es/universidad-de-chile/bilanzdetail/verein/1037/plus/0?gegner_id=2433&saison_id=&wettbewerb_id=&day=&heim_gast=&punkte=&datum_von=&datum_bis=;https://www.transfermarkt.es/spielbericht/index/spielbericht/3760215;"5. Jornada                                                                             | dom, 06/03/22                            
                          |  16:00H";Primera División de Chile;Monumental David Arellano;28.895 Espectadores;Roberto Tobar;CSD Colo-Colo;Universidad de Chile;4:1(3:0);Gabriel Costa;Marcelo Morales;Cristian Palacios;Ronnie Fernández;Camilo Moya;Bastián Tapia;;;;;;;;;;;;;;;;;;;;;;;;;"Gabriel Costa

                                    2. Tarjeta amarilla  , Falta";Gabriel Costa;"Marcelo Morales

                                    1. Tarjeta amarilla  , Falta";"Cristian Palacios

                                    1. Tarjeta amarilla  , Falta";"Ronnie Fernández

                                    1. Tarjeta amarilla  , Falta";"Camilo Moya

                                    Tarjeta roja  , Falta tremenda";"Bastián Tapia

                                    Tarjeta roja  , Derribar a un adversario en una ocasión manifiesta";;;;;;;;;;;;;;;;;;;;;;;;CSD Colo-Colo;Universidad de Chile;Universidad de Chile;Universidad de Chile;Universidad de Chile;Universidad de Chile;;;;;;;;;;;;;;;;;;;;;;;;
1777230806-65;https://www.transfermarkt.es/universidad-de-chile/bilanzdetail/verein/1037/plus/0?gegner_id=2433&saison_id=&wettbewerb_id=&day=&heim_gast=&punkte=&datum_von=&datum_bis=;https://www.transfermarkt.es/spielbericht/index/spielbericht/3740250;"20. Jornada                                                                             | dom, 31/07/22                            
                          |  19:30H";Primera División de Chile;Fiscal de Talca;6.695 Espectadores;Piero Maza;Universidad de Chile;CSD Colo-Colo;1:3(1:1);Agustín Bouzat;Maximiliano Falcón;Israel Poblete;Alexander Oroz;Cristian Palacios;Juan Martín Lucero;Bastián Tapia;;;;;;;;;;;;;;;;;;;;;;;;"Agustín Bouzat

                                    1. Tarjeta amarilla  , Falta";"Maximiliano Falcón

                                    7. Tarjeta amarilla  , Falta";"Israel Poblete

                                    4. Tarjeta amarilla  , Falta";Israel Poblete;"Alexander Oroz

                                    3. Tarjeta amarilla  , Falta";"Cristian Palacios

                                    4. Tarjeta amarilla  , Falta";Cristian Palacios;"Juan Martín Lucero

                                    3. Tarjeta amarilla  , Quitarse la camiseta";"Bastián Tapia

                                    Tarjeta roja  , Falta tremenda";Bastián Tapia;;;;;;;;;;;;;;;;;;;;;CSD Colo-Colo;CSD Colo-Colo;Universidad de Chile;CSD Colo-Colo;Universidad de Chile;CSD Colo-Colo;Universidad de Chile;;;;;;;;;;;;;;;;;;;;;;;
1777230808-66;https://www.transfermarkt.es/universidad-de-chile/bilanzdetail/verein/1037/plus/0?gegner_id=2433&saison_id=&wettbewerb_id=&day=&heim_gast=&punkte=&datum_von=&datum_bis=;https://www.transfermarkt.es/spielbericht/index/spielbericht/4037660;"8. Jornada                                                                             | dom, 12/03/23                            
                          |  22:00H";Primera División de Chile;Monumental David Arellano;37.599 Espectadores;Cristián Garay;CSD Colo-Colo;Universidad de Chile;0:0(0:0);Emmanuel Ojeda;Leandro Benegas;Nicolás Guerra;;;;;;;;;;;;;;;;;;;;;;;;;;;;"Emmanuel Ojeda

                                    4. Tarjeta amarilla  , Falta";"Leandro Benegas

                                    1. Tarjeta amarilla  , Falta";Leandro Benegas;"Nicolás Guerra

                                    2. Tarjeta amarilla  , Falta";;;;;;;;;;;;;;;;;;;;;;;;;;;Universidad de Chile;CSD Colo-Colo;Universidad de Chile;;;;;;;;;;;;;;;;;;;;;;;;;;;
1777230811-67;https://www.transfermarkt.es/universidad-de-chile/bilanzdetail/verein/1037/plus/0?gegner_id=2433&saison_id=&wettbewerb_id=&day=&heim_gast=&punkte=&datum_von=&datum_bis=;https://www.transfermarkt.es/spielbericht/index/spielbericht/4150162;"23. Jornada                                                                             | sáb, 02/09/23                            
                          |  21:00H";Primera División de Chile;Santa Laura - Universidad SEK;14.545 Espectadores;Felipe González Alveal;Universidad de Chile;CSD Colo-Colo;1:1(1:1);Nery Domínguez;Ignacio Tapia;Leandro Benegas;Carlos Palacios;Marcelo Morales;Óscar Opazo;;;;;;;;;;;;;;;;;;;;;;;;;"Nery Domínguez

                                    4. Tarjeta amarilla  , Falta";Nery Domínguez;"Ignacio Tapia

                                    3. Tarjeta amarilla  , Encararse con adversarios";Ignacio Tapia;"Leandro Benegas

                                    2. Tarjeta amarilla  , Encararse con adversarios";"Carlos Palacios

                                    2. Tarjeta amarilla  , Falta";"Marcelo Morales

                                    7. Tarjeta amarilla  , Falta";Marcelo Morales;"Óscar Opazo

                                    2. Tarjeta amarilla  , Falta";;;;;;;;;;;;;;;;;;;;;;Universidad de Chile;Universidad de Chile;CSD Colo-Colo;CSD Colo-Colo;Universidad de Chile;CSD Colo-Colo;;;;;;;;;;;;;;;;;;;;;;;;
1777230814-68;https://www.transfermarkt.es/universidad-de-chile/bilanzdetail/verein/1037/plus/0?gegner_id=2433&saison_id=&wettbewerb_id=&day=&heim_gast=&punkte=&datum_von=&datum_bis=;https://www.transfermarkt.es/spielbericht/index/spielbericht/4280626;"4. Jornada                                                                             | dom, 10/03/24                            
                          |  22:00H";Primera División de Chile;Monumental David Arellano;30.486 Espectadores;José Cabero;CSD Colo-Colo;Universidad de Chile;0:1(0:1);Gabriel Castellón;;;;;;;;;;;;;;;;;;;;;;;;;;;;;;"Gabriel Castellón

                                    1. Tarjeta amarilla  , Perder tiempo";;;;;;;;;;;;;;;;;;;;;;;;;;;;;;Universidad de Chile;;;;;;;;;;;;;;;;;;;;;;;;;;;;;
1777230816-69;https://www.transfermarkt.es/universidad-de-chile/bilanzdetail/verein/1037/plus/0?gegner_id=2433&saison_id=&wettbewerb_id=&day=&heim_gast=&punkte=&datum_von=&datum_bis=;https://www.transfermarkt.es/spielbericht/index/spielbericht/4323806;"19. Jornada                                                                             | sáb, 10/08/24                            
                          |  21:00H";Primera División de Chile;Nacional Julio Martínez Prádanos;44.897 Espectadores;Cristián Garay;Universidad de Chile;CSD Colo-Colo;0:0(0:0);Vicente Pizarro;Israel Poblete;Lucas Cepeda;Javier Correa;Franco Calderón;;;;;;;;;;;;;;;;;;;;;;;;;;"Vicente Pizarro

                                    3. Tarjeta amarilla  , Falta";"Israel Poblete

                                    4. Tarjeta amarilla  , Falta";Israel Poblete;"Lucas Cepeda

                                    1. Tarjeta amarilla  , Falta";"Javier Correa

                                    1. Tarjeta amarilla  , Falta";"Franco Calderón

                                    8. Tarjeta amarilla  , Falta";Franco Calderón;;;;;;;;;;;;;;;;;;;;;;;;CSD Colo-Colo;Universidad de Chile;CSD Colo-Colo;CSD Colo-Colo;Universidad de Chile;;;;;;;;;;;;;;;;;;;;;;;;;
1777230819-70;https://www.transfermarkt.es/universidad-de-chile/bilanzdetail/verein/1037/plus/0?gegner_id=2433&saison_id=&wettbewerb_id=&day=&heim_gast=&punkte=&datum_von=&datum_bis=;https://www.transfermarkt.es/spielbericht/index/spielbericht/4560634;"7. Jornada                                                                             | sáb, 12/07/25                            
                          |  21:00H";Liga de Primera;Nacional Julio Martínez Prádanos;45.000 Espectadores;Piero Maza;Universidad de Chile;CSD Colo-Colo;2:1(1:1);Gonzalo Montes;Fabián Hormazábal;Emiliano Amor;Sebastián Vegas;Esteban Pavez;Charles Aránguiz;Marcelo Díaz;Maximiliano Guerrero;Marcelo Díaz;Esteban Pavez;Nicolás Guerra;;;;;;;;;;;;;;;;;;;;"Gonzalo Montes

                                    2. Tarjeta amarilla";Gonzalo Montes;"Fabián Hormazábal

                                    1. Tarjeta amarilla";Fabián Hormazábal;"Emiliano Amor

                                    2. Tarjeta amarilla  , Protestar";"Sebastián Vegas

                                    5. Tarjeta amarilla  , Falta";"Esteban Pavez

                                    Tarjeta amarilla  , Encararse con adversarios";"Charles Aránguiz

                                    2. Tarjeta amarilla  , Encararse con adversarios";Charles Aránguiz;"Marcelo Díaz

                                    Tarjeta amarilla  , Falta";Marcelo Díaz;"Maximiliano Guerrero

                                    1. Tarjeta amarilla  , Falta";Maximiliano Guerrero;"Marcelo Díaz

                                    Segunda tarjeta amarilla  , Falta";Marcelo Díaz;"Esteban Pavez

                                    Segunda tarjeta amarilla  , Encararse con adversarios";"Nicolás Guerra

                                    3. Tarjeta amarilla  , Comportamiento antideportivo";Nicolás Guerra;;;;;;;;;;;;;Universidad de Chile;Universidad de Chile;CSD Colo-Colo;CSD Colo-Colo;CSD Colo-Colo;Universidad de Chile;Universidad de Chile;Universidad de Chile;Universidad de Chile;CSD Colo-Colo;Universidad de Chile;;;;;;;;;;;;;;;;;;;
1777230824-71;https://www.transfermarkt.es/universidad-de-chile/bilanzdetail/verein/1037/plus/0?gegner_id=2433&saison_id=&wettbewerb_id=&day=&heim_gast=&punkte=&datum_von=&datum_bis=;https://www.transfermarkt.es/spielbericht/index/spielbericht/4562729;"22. Jornada                                                                             | dom, 31/08/25                            
                          |  21:00H";Liga de Primera;Monumental David Arellano;39.222 Espectadores;Cristián Garay;CSD Colo-Colo;Universidad de Chile;1:0(0:0);Javier Correa;Franco Calderón;Esteban Pavez;Jonathan Villagra;Felipe Salomoni;Matías Sepúlveda;Charles Aránguiz;Mauricio Isla;;;;;;;;;;;;;;;;;;;;;;;"Javier Correa

                                    7. Tarjeta amarilla  , Falta";Javier Correa;"Franco Calderón

                                    Tarjeta roja  , Falta tremenda";"Esteban Pavez

                                    5. Tarjeta amarilla  , Falta";Esteban Pavez;"Jonathan Villagra

                                    2. Tarjeta amarilla  , Falta";Jonathan Villagra;"Felipe Salomoni

                                    2. Tarjeta amarilla  , Falta";"Matías Sepúlveda

                                    3. Tarjeta amarilla  , Falta";"Charles Aránguiz

                                    4. Tarjeta amarilla  , Falta";"Mauricio Isla

                                    3. Tarjeta amarilla  , Falta";Mauricio Isla;;;;;;;;;;;;;;;;;;;CSD Colo-Colo;Universidad de Chile;CSD Colo-Colo;CSD Colo-Colo;Universidad de Chile;Universidad de Chile;Universidad de Chile;CSD Colo-Colo;;;;;;;;;;;;;;;;;;;;;;
1777230826-72;https://www.transfermarkt.es/universidad-de-chile/bilanzdetail/verein/1037/plus/0?gegner_id=2433&saison_id=&wettbewerb_id=&day=&heim_gast=&punkte=&datum_von=&datum_bis=;https://www.transfermarkt.es/spielbericht/index/spielbericht/4497722;"Final                                                                            | dom, 14/09/25                            
                          |  20:00H";Supercopa de Chile;Santa Laura - Universidad SEK;2.000 Espectadores;Felipe González Alveal;CSD Colo-Colo;Universidad de Chile;0:3(0:2);Charles Aránguiz;Lucas Assadi;Claudio Aquino;Javier Altamirano;Sebastián Vegas;Daniel Gutiérrez;Matías Zaldivia;Nicolás Guerra;Emiliano Amor;Arturo Vidal;;;;;;;;;;;;;;;;;;;;;"Charles Aránguiz

                                    1. Tarjeta amarilla  , Falta";"Lucas Assadi

                                    1. Tarjeta amarilla  , Falta táctica";"Claudio Aquino

                                    1. Tarjeta amarilla  , Falta";Claudio Aquino;"Javier Altamirano

                                    1. Tarjeta amarilla  , Simular ser objeto de falta";"Sebastián Vegas

                                    Tarjeta roja  , Derribar a un adversario en una ocasión manifiesta";Sebastián Vegas;"Daniel Gutiérrez

                                    1. Tarjeta amarilla  , Falta";Daniel Gutiérrez;"Matías Zaldivia

                                    1. Tarjeta amarilla  , Mano";"Nicolás Guerra

                                    1. Tarjeta amarilla  , Encararse con adversarios";"Emiliano Amor

                                    1. Tarjeta amarilla  , Encararse con adversarios";Emiliano Amor;"Arturo Vidal

                                    1. Tarjeta amarilla  , Falta";Arturo Vidal;;;;;;;;;;;;;;;;Universidad de Chile;Universidad de Chile;CSD Colo-Colo;Universidad de Chile;CSD Colo-Colo;CSD Colo-Colo;Universidad de Chile;Universidad de Chile;CSD Colo-Colo;CSD Colo-Colo;;;;;;;;;;;;;;;;;;;;
1777230829-73;https://www.transfermarkt.es/universidad-de-chile/bilanzdetail/verein/1037/plus/0?gegner_id=2433&saison_id=&wettbewerb_id=&day=&heim_gast=&punkte=&datum_von=&datum_bis=;https://www.transfermarkt.es/spielbericht/index/spielbericht/4802614;"5. Jornada                                                                             | dom, 01/03/26                            
                          |  22:00H";Liga de Primera;Monumental David Arellano;38.318 Espectadores;Cristián Garay;CSD Colo-Colo;Universidad de Chile;0:1(0:0);Arturo Vidal;Marcelo Morales;Lautaro Pastrán;Juan Martín Lucero;;;;;;;;;;;;;;;;;;;;;;;;;;;"Arturo Vidal

                                    3. Tarjeta amarilla  , Falta";Arturo Vidal;"Marcelo Morales

                                    1. Tarjeta amarilla  , Falta";"Lautaro Pastrán

                                    1. Tarjeta amarilla  , Falta táctica";Lautaro Pastrán;"Juan Martín Lucero

                                    1. Tarjeta amarilla  , No respetar la distancia reglamentaria";;;;;;;;;;;;;;;;;;;;;;;;;CSD Colo-Colo;Universidad de Chile;CSD Colo-Colo;Universidad de Chile;;;;;;;;;;;;;;;;;;;;;;;;;;
1777230832-74;https://www.transfermarkt.es/universidad-de-chile/bilanzdetail/verein/1037/plus/0?gegner_id=2433&saison_id=&wettbewerb_id=&day=&heim_gast=&punkte=&datum_von=&datum_bis=;https://www.transfermarkt.es/spielbericht/index/spielbericht/4805274;"20. Jornada                                                                             | dom, 23/08/26                            
                          |  00:00H";Liga de Primera;Nacional Julio Martínez Prádanos;;;Universidad de Chile;CSD Colo-Colo;-:-;;;;;;;;;;;;;;;;;;;;;;;;;;;;;;;;;;;;;;;;;;;;;;;;;;;;;;;;;;;;;;;;;;;;;;;;;;;;;;;;;;;;;;;;;;
